archive_name,archive_size,archive_sha256,chunk_folder,chunk_index,total_chunks,chunk_name,chunk_relative_path,chunk_path,chunk_size,chunk_sha256,reassembly_order
NMI_code_only_2022_2025.zip,144813025,7156b95475e4a2a27749241ffcda2cc0d961e47a211c1448c51140568944c20f,NMI_code_only_2022_2025,0,2,NMI_code_only_2022_2025.zip.part000,drive_upload_chunks/NMI_code_only_2022_2025/NMI_code_only_2022_2025.zip.part000,/Users/mccomb/Library/Caches/Codex/NMI_supplementary_materials_2022_2025/drive_upload_chunks/NMI_code_only_2022_2025/NMI_code_only_2022_2025.zip.part000,99614720,316dea72742257bde17e0291b158cc9c2e4b492d76e113a3150e2991f0865774,0
NMI_code_only_2022_2025.zip,144813025,7156b95475e4a2a27749241ffcda2cc0d961e47a211c1448c51140568944c20f,NMI_code_only_2022_2025,1,2,NMI_code_only_2022_2025.zip.part001,drive_upload_chunks/NMI_code_only_2022_2025/NMI_code_only_2022_2025.zip.part001,/Users/mccomb/Library/Caches/Codex/NMI_supplementary_materials_2022_2025/drive_upload_chunks/NMI_code_only_2022_2025/NMI_code_only_2022_2025.zip.part001,45198305,bc76b7f05118b95a15f3e1b6f4efc151da66a8dd8a6ef7cf4c8ce438d8737de9,1
NMI_supplementary_materials_2022.zip,3137624532,ea30b9056a7167390b4760856a9ed5f31973dbe002c210d2d9af487e3cb89573,NMI_supplementary_materials_2022,0,32,NMI_supplementary_materials_2022.zip.part000,drive_upload_chunks/NMI_supplementary_materials_2022/NMI_supplementary_materials_2022.zip.part000,/Users/mccomb/Library/Caches/Codex/NMI_supplementary_materials_2022_2025/drive_upload_chunks/NMI_supplementary_materials_2022/NMI_supplementary_materials_2022.zip.part000,99614720,8c1c68afde5ba652405bba3d1c05342fe695e37d3957b722b83635bcd83b7779,0
NMI_supplementary_materials_2022.zip,3137624532,ea30b9056a7167390b4760856a9ed5f31973dbe002c210d2d9af487e3cb89573,NMI_supplementary_materials_2022,1,32,NMI_supplementary_materials_2022.zip.part001,drive_upload_chunks/NMI_supplementary_materials_2022/NMI_supplementary_materials_2022.zip.part001,/Users/mccomb/Library/Caches/Codex/NMI_supplementary_materials_2022_2025/drive_upload_chunks/NMI_supplementary_materials_2022/NMI_supplementary_materials_2022.zip.part001,99614720,ac2b60e6b7b53c5e3d64457d00b6c6a1d9c808304b928efb502c187f4c13dddd,1
NMI_supplementary_materials_2022.zip,3137624532,ea30b9056a7167390b4760856a9ed5f31973dbe002c210d2d9af487e3cb89573,NMI_supplementary_materials_2022,2,32,NMI_supplementary_materials_2022.zip.part002,drive_upload_chunks/NMI_supplementary_materials_2022/NMI_supplementary_materials_2022.zip.part002,/Users/mccomb/Library/Caches/Codex/NMI_supplementary_materials_2022_2025/drive_upload_chunks/NMI_supplementary_materials_2022/NMI_supplementary_materials_2022.zip.part002,99614720,dee65fcf4fb801f59fcaaed0179bd61632be664d00f41f3e7637f0b912d74e7f,2
NMI_supplementary_materials_2022.zip,3137624532,ea30b9056a7167390b4760856a9ed5f31973dbe002c210d2d9af487e3cb89573,NMI_supplementary_materials_2022,3,32,NMI_supplementary_materials_2022.zip.part003,drive_upload_chunks/NMI_supplementary_materials_2022/NMI_supplementary_materials_2022.zip.part003,/Users/mccomb/Library/Caches/Codex/NMI_supplementary_materials_2022_2025/drive_upload_chunks/NMI_supplementary_materials_2022/NMI_supplementary_materials_2022.zip.part003,99614720,7390de4eec7717d70f5beb17da278d0234af2c381951ff65a886ea673c0f057b,3
NMI_supplementary_materials_2022.zip,3137624532,ea30b9056a7167390b4760856a9ed5f31973dbe002c210d2d9af487e3cb89573,NMI_supplementary_materials_2022,4,32,NMI_supplementary_materials_2022.zip.part004,drive_upload_chunks/NMI_supplementary_materials_2022/NMI_supplementary_materials_2022.zip.part004,/Users/mccomb/Library/Caches/Codex/NMI_supplementary_materials_2022_2025/drive_upload_chunks/NMI_supplementary_materials_2022/NMI_supplementary_materials_2022.zip.part004,99614720,e77ff0e2749c7f7c227ea0155618fd23e90b02a7d84267af39e31b474891468e,4
NMI_supplementary_materials_2022.zip,3137624532,ea30b9056a7167390b4760856a9ed5f31973dbe002c210d2d9af487e3cb89573,NMI_supplementary_materials_2022,5,32,NMI_supplementary_materials_2022.zip.part005,drive_upload_chunks/NMI_supplementary_materials_2022/NMI_supplementary_materials_2022.zip.part005,/Users/mccomb/Library/Caches/Codex/NMI_supplementary_materials_2022_2025/drive_upload_chunks/NMI_supplementary_materials_2022/NMI_supplementary_materials_2022.zip.part005,99614720,05a446427bbd79df0c5e832bddaee089e90cb82065cd6c25f4d404999b2341d1,5
NMI_supplementary_materials_2022.zip,3137624532,ea30b9056a7167390b4760856a9ed5f31973dbe002c210d2d9af487e3cb89573,NMI_supplementary_materials_2022,6,32,NMI_supplementary_materials_2022.zip.part006,drive_upload_chunks/NMI_supplementary_materials_2022/NMI_supplementary_materials_2022.zip.part006,/Users/mccomb/Library/Caches/Codex/NMI_supplementary_materials_2022_2025/drive_upload_chunks/NMI_supplementary_materials_2022/NMI_supplementary_materials_2022.zip.part006,99614720,3c9a8400671a1e5cdbd1d54193a013f0c06be855478e3dd14c6923438d0fac7d,6
NMI_supplementary_materials_2022.zip,3137624532,ea30b9056a7167390b4760856a9ed5f31973dbe002c210d2d9af487e3cb89573,NMI_supplementary_materials_2022,7,32,NMI_supplementary_materials_2022.zip.part007,drive_upload_chunks/NMI_supplementary_materials_2022/NMI_supplementary_materials_2022.zip.part007,/Users/mccomb/Library/Caches/Codex/NMI_supplementary_materials_2022_2025/drive_upload_chunks/NMI_supplementary_materials_2022/NMI_supplementary_materials_2022.zip.part007,99614720,1438b1e193c7e7829cadd307b2fd39f2551c6dc025ef729838230ab5a4d3767c,7
NMI_supplementary_materials_2022.zip,3137624532,ea30b9056a7167390b4760856a9ed5f31973dbe002c210d2d9af487e3cb89573,NMI_supplementary_materials_2022,8,32,NMI_supplementary_materials_2022.zip.part008,drive_upload_chunks/NMI_supplementary_materials_2022/NMI_supplementary_materials_2022.zip.part008,/Users/mccomb/Library/Caches/Codex/NMI_supplementary_materials_2022_2025/drive_upload_chunks/NMI_supplementary_materials_2022/NMI_supplementary_materials_2022.zip.part008,99614720,a08cae2418a3ae619a4254b7fe2331030905fcb1e30eb9bddf0c6a880bbd9649,8
NMI_supplementary_materials_2022.zip,3137624532,ea30b9056a7167390b4760856a9ed5f31973dbe002c210d2d9af487e3cb89573,NMI_supplementary_materials_2022,9,32,NMI_supplementary_materials_2022.zip.part009,drive_upload_chunks/NMI_supplementary_materials_2022/NMI_supplementary_materials_2022.zip.part009,/Users/mccomb/Library/Caches/Codex/NMI_supplementary_materials_2022_2025/drive_upload_chunks/NMI_supplementary_materials_2022/NMI_supplementary_materials_2022.zip.part009,99614720,b007cdf3f5eed2b8eb5c0182ec46a1ea244ca230f34cf78d067ea0d274c7f6fe,9
NMI_supplementary_materials_2022.zip,3137624532,ea30b9056a7167390b4760856a9ed5f31973dbe002c210d2d9af487e3cb89573,NMI_supplementary_materials_2022,10,32,NMI_supplementary_materials_2022.zip.part010,drive_upload_chunks/NMI_supplementary_materials_2022/NMI_supplementary_materials_2022.zip.part010,/Users/mccomb/Library/Caches/Codex/NMI_supplementary_materials_2022_2025/drive_upload_chunks/NMI_supplementary_materials_2022/NMI_supplementary_materials_2022.zip.part010,99614720,d129616d72ade5223dec0d74b486eb94400dd7772b503a55a2bf56d6372959fb,10
NMI_supplementary_materials_2022.zip,3137624532,ea30b9056a7167390b4760856a9ed5f31973dbe002c210d2d9af487e3cb89573,NMI_supplementary_materials_2022,11,32,NMI_supplementary_materials_2022.zip.part011,drive_upload_chunks/NMI_supplementary_materials_2022/NMI_supplementary_materials_2022.zip.part011,/Users/mccomb/Library/Caches/Codex/NMI_supplementary_materials_2022_2025/drive_upload_chunks/NMI_supplementary_materials_2022/NMI_supplementary_materials_2022.zip.part011,99614720,86137025f83ff5c95940aa029650ff6a21d2bc1df09a9bacd158f4708e744ede,11
NMI_supplementary_materials_2022.zip,3137624532,ea30b9056a7167390b4760856a9ed5f31973dbe002c210d2d9af487e3cb89573,NMI_supplementary_materials_2022,12,32,NMI_supplementary_materials_2022.zip.part012,drive_upload_chunks/NMI_supplementary_materials_2022/NMI_supplementary_materials_2022.zip.part012,/Users/mccomb/Library/Caches/Codex/NMI_supplementary_materials_2022_2025/drive_upload_chunks/NMI_supplementary_materials_2022/NMI_supplementary_materials_2022.zip.part012,99614720,9488be00d9a64731deb2a3516e1152908a3084acfaba6648d650eec0a66bee1b,12
NMI_supplementary_materials_2022.zip,3137624532,ea30b9056a7167390b4760856a9ed5f31973dbe002c210d2d9af487e3cb89573,NMI_supplementary_materials_2022,13,32,NMI_supplementary_materials_2022.zip.part013,drive_upload_chunks/NMI_supplementary_materials_2022/NMI_supplementary_materials_2022.zip.part013,/Users/mccomb/Library/Caches/Codex/NMI_supplementary_materials_2022_2025/drive_upload_chunks/NMI_supplementary_materials_2022/NMI_supplementary_materials_2022.zip.part013,99614720,abed3fc42f88da216c86de3070e0a94a8d8e3412b55e20e46b1d4d5680d27f35,13
NMI_supplementary_materials_2022.zip,3137624532,ea30b9056a7167390b4760856a9ed5f31973dbe002c210d2d9af487e3cb89573,NMI_supplementary_materials_2022,14,32,NMI_supplementary_materials_2022.zip.part014,drive_upload_chunks/NMI_supplementary_materials_2022/NMI_supplementary_materials_2022.zip.part014,/Users/mccomb/Library/Caches/Codex/NMI_supplementary_materials_2022_2025/drive_upload_chunks/NMI_supplementary_materials_2022/NMI_supplementary_materials_2022.zip.part014,99614720,192f84ff502ea4bd139d35a6ee71fe1e6f6c3458def0d7697a714b452cada24a,14
NMI_supplementary_materials_2022.zip,3137624532,ea30b9056a7167390b4760856a9ed5f31973dbe002c210d2d9af487e3cb89573,NMI_supplementary_materials_2022,15,32,NMI_supplementary_materials_2022.zip.part015,drive_upload_chunks/NMI_supplementary_materials_2022/NMI_supplementary_materials_2022.zip.part015,/Users/mccomb/Library/Caches/Codex/NMI_supplementary_materials_2022_2025/drive_upload_chunks/NMI_supplementary_materials_2022/NMI_supplementary_materials_2022.zip.part015,99614720,d78438b7234f64362cebafcb5e0e3702415a0eb0297549c3483c50459233ad39,15
NMI_supplementary_materials_2022.zip,3137624532,ea30b9056a7167390b4760856a9ed5f31973dbe002c210d2d9af487e3cb89573,NMI_supplementary_materials_2022,16,32,NMI_supplementary_materials_2022.zip.part016,drive_upload_chunks/NMI_supplementary_materials_2022/NMI_supplementary_materials_2022.zip.part016,/Users/mccomb/Library/Caches/Codex/NMI_supplementary_materials_2022_2025/drive_upload_chunks/NMI_supplementary_materials_2022/NMI_supplementary_materials_2022.zip.part016,99614720,9a9771e713c8971b2fcb94bc19c20ea06ab6c71af012eb27f7d634047cdb346c,16
NMI_supplementary_materials_2022.zip,3137624532,ea30b9056a7167390b4760856a9ed5f31973dbe002c210d2d9af487e3cb89573,NMI_supplementary_materials_2022,17,32,NMI_supplementary_materials_2022.zip.part017,drive_upload_chunks/NMI_supplementary_materials_2022/NMI_supplementary_materials_2022.zip.part017,/Users/mccomb/Library/Caches/Codex/NMI_supplementary_materials_2022_2025/drive_upload_chunks/NMI_supplementary_materials_2022/NMI_supplementary_materials_2022.zip.part017,99614720,eb29e4eb9736accfc6fe1ca6d2fe27d5725b5dccdb2a4a95ceede0c97bde7a56,17
NMI_supplementary_materials_2022.zip,3137624532,ea30b9056a7167390b4760856a9ed5f31973dbe002c210d2d9af487e3cb89573,NMI_supplementary_materials_2022,18,32,NMI_supplementary_materials_2022.zip.part018,drive_upload_chunks/NMI_supplementary_materials_2022/NMI_supplementary_materials_2022.zip.part018,/Users/mccomb/Library/Caches/Codex/NMI_supplementary_materials_2022_2025/drive_upload_chunks/NMI_supplementary_materials_2022/NMI_supplementary_materials_2022.zip.part018,99614720,5eaac9014d5e1841dc1b7b1f23d45b3ef2b8149e6df19343f7e3bb59efe10255,18
NMI_supplementary_materials_2022.zip,3137624532,ea30b9056a7167390b4760856a9ed5f31973dbe002c210d2d9af487e3cb89573,NMI_supplementary_materials_2022,19,32,NMI_supplementary_materials_2022.zip.part019,drive_upload_chunks/NMI_supplementary_materials_2022/NMI_supplementary_materials_2022.zip.part019,/Users/mccomb/Library/Caches/Codex/NMI_supplementary_materials_2022_2025/drive_upload_chunks/NMI_supplementary_materials_2022/NMI_supplementary_materials_2022.zip.part019,99614720,5e91018fc515f985d3ce8d6c824dc328edcad38152ad770fcb16827825c8224b,19
NMI_supplementary_materials_2022.zip,3137624532,ea30b9056a7167390b4760856a9ed5f31973dbe002c210d2d9af487e3cb89573,NMI_supplementary_materials_2022,20,32,NMI_supplementary_materials_2022.zip.part020,drive_upload_chunks/NMI_supplementary_materials_2022/NMI_supplementary_materials_2022.zip.part020,/Users/mccomb/Library/Caches/Codex/NMI_supplementary_materials_2022_2025/drive_upload_chunks/NMI_supplementary_materials_2022/NMI_supplementary_materials_2022.zip.part020,99614720,39168a403b29dd3470a4da0d8a7c7bbb772abdf4a96aa766ebe0d8dbaf19360d,20
NMI_supplementary_materials_2022.zip,3137624532,ea30b9056a7167390b4760856a9ed5f31973dbe002c210d2d9af487e3cb89573,NMI_supplementary_materials_2022,21,32,NMI_supplementary_materials_2022.zip.part021,drive_upload_chunks/NMI_supplementary_materials_2022/NMI_supplementary_materials_2022.zip.part021,/Users/mccomb/Library/Caches/Codex/NMI_supplementary_materials_2022_2025/drive_upload_chunks/NMI_supplementary_materials_2022/NMI_supplementary_materials_2022.zip.part021,99614720,0ade44a122ccce5f9af8f41b4949677a8eaa9f2074e705067f772355a9746e5b,21
NMI_supplementary_materials_2022.zip,3137624532,ea30b9056a7167390b4760856a9ed5f31973dbe002c210d2d9af487e3cb89573,NMI_supplementary_materials_2022,22,32,NMI_supplementary_materials_2022.zip.part022,drive_upload_chunks/NMI_supplementary_materials_2022/NMI_supplementary_materials_2022.zip.part022,/Users/mccomb/Library/Caches/Codex/NMI_supplementary_materials_2022_2025/drive_upload_chunks/NMI_supplementary_materials_2022/NMI_supplementary_materials_2022.zip.part022,99614720,ad2d3f07c53ea837f6a24bad8c19d3ec0a4af8e7e7d63b07e1c67a082d1e8ef5,22
NMI_supplementary_materials_2022.zip,3137624532,ea30b9056a7167390b4760856a9ed5f31973dbe002c210d2d9af487e3cb89573,NMI_supplementary_materials_2022,23,32,NMI_supplementary_materials_2022.zip.part023,drive_upload_chunks/NMI_supplementary_materials_2022/NMI_supplementary_materials_2022.zip.part023,/Users/mccomb/Library/Caches/Codex/NMI_supplementary_materials_2022_2025/drive_upload_chunks/NMI_supplementary_materials_2022/NMI_supplementary_materials_2022.zip.part023,99614720,4a2cb8d5ae3fdd8c9e5c05c6f1959873d4d4aaad28b90c3293b5e8fe49de83fc,23
NMI_supplementary_materials_2022.zip,3137624532,ea30b9056a7167390b4760856a9ed5f31973dbe002c210d2d9af487e3cb89573,NMI_supplementary_materials_2022,24,32,NMI_supplementary_materials_2022.zip.part024,drive_upload_chunks/NMI_supplementary_materials_2022/NMI_supplementary_materials_2022.zip.part024,/Users/mccomb/Library/Caches/Codex/NMI_supplementary_materials_2022_2025/drive_upload_chunks/NMI_supplementary_materials_2022/NMI_supplementary_materials_2022.zip.part024,99614720,b2378a71c21397dac01b4f69e64b9c5b9c2c74ca8ef55459f44bc92d7eeab051,24
NMI_supplementary_materials_2022.zip,3137624532,ea30b9056a7167390b4760856a9ed5f31973dbe002c210d2d9af487e3cb89573,NMI_supplementary_materials_2022,25,32,NMI_supplementary_materials_2022.zip.part025,drive_upload_chunks/NMI_supplementary_materials_2022/NMI_supplementary_materials_2022.zip.part025,/Users/mccomb/Library/Caches/Codex/NMI_supplementary_materials_2022_2025/drive_upload_chunks/NMI_supplementary_materials_2022/NMI_supplementary_materials_2022.zip.part025,99614720,f5eb199c29723bbd2818c387d9e7114d1b7b49f755e358c4e0bbcc7537f52ed0,25
NMI_supplementary_materials_2022.zip,3137624532,ea30b9056a7167390b4760856a9ed5f31973dbe002c210d2d9af487e3cb89573,NMI_supplementary_materials_2022,26,32,NMI_supplementary_materials_2022.zip.part026,drive_upload_chunks/NMI_supplementary_materials_2022/NMI_supplementary_materials_2022.zip.part026,/Users/mccomb/Library/Caches/Codex/NMI_supplementary_materials_2022_2025/drive_upload_chunks/NMI_supplementary_materials_2022/NMI_supplementary_materials_2022.zip.part026,99614720,b121bfabd80bdab5ed126379d290f3a0563612ff791cf6f10ffe9aeb9e954609,26
NMI_supplementary_materials_2022.zip,3137624532,ea30b9056a7167390b4760856a9ed5f31973dbe002c210d2d9af487e3cb89573,NMI_supplementary_materials_2022,27,32,NMI_supplementary_materials_2022.zip.part027,drive_upload_chunks/NMI_supplementary_materials_2022/NMI_supplementary_materials_2022.zip.part027,/Users/mccomb/Library/Caches/Codex/NMI_supplementary_materials_2022_2025/drive_upload_chunks/NMI_supplementary_materials_2022/NMI_supplementary_materials_2022.zip.part027,99614720,af6122713cbb499789285fad601fe11f42ac3b15fc015d4f78cc3bbebfe381e9,27
NMI_supplementary_materials_2022.zip,3137624532,ea30b9056a7167390b4760856a9ed5f31973dbe002c210d2d9af487e3cb89573,NMI_supplementary_materials_2022,28,32,NMI_supplementary_materials_2022.zip.part028,drive_upload_chunks/NMI_supplementary_materials_2022/NMI_supplementary_materials_2022.zip.part028,/Users/mccomb/Library/Caches/Codex/NMI_supplementary_materials_2022_2025/drive_upload_chunks/NMI_supplementary_materials_2022/NMI_supplementary_materials_2022.zip.part028,99614720,d3ae1356f085d0bc4fa849608c8444d0de8234b6f36a957c9cc30a2c1d9910f8,28
NMI_supplementary_materials_2022.zip,3137624532,ea30b9056a7167390b4760856a9ed5f31973dbe002c210d2d9af487e3cb89573,NMI_supplementary_materials_2022,29,32,NMI_supplementary_materials_2022.zip.part029,drive_upload_chunks/NMI_supplementary_materials_2022/NMI_supplementary_materials_2022.zip.part029,/Users/mccomb/Library/Caches/Codex/NMI_supplementary_materials_2022_2025/drive_upload_chunks/NMI_supplementary_materials_2022/NMI_supplementary_materials_2022.zip.part029,99614720,c70ff09ea5c7d0da834ae976ce76f49055c502452ce497a922d70a0492ae8908,29
NMI_supplementary_materials_2022.zip,3137624532,ea30b9056a7167390b4760856a9ed5f31973dbe002c210d2d9af487e3cb89573,NMI_supplementary_materials_2022,30,32,NMI_supplementary_materials_2022.zip.part030,drive_upload_chunks/NMI_supplementary_materials_2022/NMI_supplementary_materials_2022.zip.part030,/Users/mccomb/Library/Caches/Codex/NMI_supplementary_materials_2022_2025/drive_upload_chunks/NMI_supplementary_materials_2022/NMI_supplementary_materials_2022.zip.part030,99614720,01373dd15820a72c7af444c67d9629abd9c14c2cc3725bbc3e4f60bd6e2225e5,30
NMI_supplementary_materials_2022.zip,3137624532,ea30b9056a7167390b4760856a9ed5f31973dbe002c210d2d9af487e3cb89573,NMI_supplementary_materials_2022,31,32,NMI_supplementary_materials_2022.zip.part031,drive_upload_chunks/NMI_supplementary_materials_2022/NMI_supplementary_materials_2022.zip.part031,/Users/mccomb/Library/Caches/Codex/NMI_supplementary_materials_2022_2025/drive_upload_chunks/NMI_supplementary_materials_2022/NMI_supplementary_materials_2022.zip.part031,49568212,bfd819d3694f34c78cfd89c35d922349891adf09f075f4003d1d4beb7cb75c8a,31
NMI_supplementary_materials_2023.zip,2934809474,6928369271d3d80332385600926d3321393a23bccfc054ec2e5cfc540fba4334,NMI_supplementary_materials_2023,0,30,NMI_supplementary_materials_2023.zip.part000,drive_upload_chunks/NMI_supplementary_materials_2023/NMI_supplementary_materials_2023.zip.part000,/Users/mccomb/Library/Caches/Codex/NMI_supplementary_materials_2022_2025/drive_upload_chunks/NMI_supplementary_materials_2023/NMI_supplementary_materials_2023.zip.part000,99614720,9b4eb65a3e87a65159a221ed174c07ab0d8b8c243e78ec7aba17ad2664b60649,0
NMI_supplementary_materials_2023.zip,2934809474,6928369271d3d80332385600926d3321393a23bccfc054ec2e5cfc540fba4334,NMI_supplementary_materials_2023,1,30,NMI_supplementary_materials_2023.zip.part001,drive_upload_chunks/NMI_supplementary_materials_2023/NMI_supplementary_materials_2023.zip.part001,/Users/mccomb/Library/Caches/Codex/NMI_supplementary_materials_2022_2025/drive_upload_chunks/NMI_supplementary_materials_2023/NMI_supplementary_materials_2023.zip.part001,99614720,93dc80aac6c58df3d82c3c5237fb34690cd655e4a35d5e3c13a49445e9e54b38,1
NMI_supplementary_materials_2023.zip,2934809474,6928369271d3d80332385600926d3321393a23bccfc054ec2e5cfc540fba4334,NMI_supplementary_materials_2023,2,30,NMI_supplementary_materials_2023.zip.part002,drive_upload_chunks/NMI_supplementary_materials_2023/NMI_supplementary_materials_2023.zip.part002,/Users/mccomb/Library/Caches/Codex/NMI_supplementary_materials_2022_2025/drive_upload_chunks/NMI_supplementary_materials_2023/NMI_supplementary_materials_2023.zip.part002,99614720,70f86633c15b1228fdc8ba95145044606c80aebfa6a01eff315747b7ef82100c,2
NMI_supplementary_materials_2023.zip,2934809474,6928369271d3d80332385600926d3321393a23bccfc054ec2e5cfc540fba4334,NMI_supplementary_materials_2023,3,30,NMI_supplementary_materials_2023.zip.part003,drive_upload_chunks/NMI_supplementary_materials_2023/NMI_supplementary_materials_2023.zip.part003,/Users/mccomb/Library/Caches/Codex/NMI_supplementary_materials_2022_2025/drive_upload_chunks/NMI_supplementary_materials_2023/NMI_supplementary_materials_2023.zip.part003,99614720,31dab1a1407a516fc0f4dab34458f6407f37b86c91636ebe237e20bfcd9b7549,3
NMI_supplementary_materials_2023.zip,2934809474,6928369271d3d80332385600926d3321393a23bccfc054ec2e5cfc540fba4334,NMI_supplementary_materials_2023,4,30,NMI_supplementary_materials_2023.zip.part004,drive_upload_chunks/NMI_supplementary_materials_2023/NMI_supplementary_materials_2023.zip.part004,/Users/mccomb/Library/Caches/Codex/NMI_supplementary_materials_2022_2025/drive_upload_chunks/NMI_supplementary_materials_2023/NMI_supplementary_materials_2023.zip.part004,99614720,2783f1bea52f6b722a21a3bb41e872f122acd7225d698d3911b7ea81173aad83,4
NMI_supplementary_materials_2023.zip,2934809474,6928369271d3d80332385600926d3321393a23bccfc054ec2e5cfc540fba4334,NMI_supplementary_materials_2023,5,30,NMI_supplementary_materials_2023.zip.part005,drive_upload_chunks/NMI_supplementary_materials_2023/NMI_supplementary_materials_2023.zip.part005,/Users/mccomb/Library/Caches/Codex/NMI_supplementary_materials_2022_2025/drive_upload_chunks/NMI_supplementary_materials_2023/NMI_supplementary_materials_2023.zip.part005,99614720,6f845be6db49960230f986a5a4fa0c0c0cd55ec5ab30f0d8d4d482d6b0eaa6ab,5
NMI_supplementary_materials_2023.zip,2934809474,6928369271d3d80332385600926d3321393a23bccfc054ec2e5cfc540fba4334,NMI_supplementary_materials_2023,6,30,NMI_supplementary_materials_2023.zip.part006,drive_upload_chunks/NMI_supplementary_materials_2023/NMI_supplementary_materials_2023.zip.part006,/Users/mccomb/Library/Caches/Codex/NMI_supplementary_materials_2022_2025/drive_upload_chunks/NMI_supplementary_materials_2023/NMI_supplementary_materials_2023.zip.part006,99614720,7b2474983eb0b6b603b444158d99f7b3c0627bfcd1f5de19fe434a8b06281e86,6
NMI_supplementary_materials_2023.zip,2934809474,6928369271d3d80332385600926d3321393a23bccfc054ec2e5cfc540fba4334,NMI_supplementary_materials_2023,7,30,NMI_supplementary_materials_2023.zip.part007,drive_upload_chunks/NMI_supplementary_materials_2023/NMI_supplementary_materials_2023.zip.part007,/Users/mccomb/Library/Caches/Codex/NMI_supplementary_materials_2022_2025/drive_upload_chunks/NMI_supplementary_materials_2023/NMI_supplementary_materials_2023.zip.part007,99614720,9ed9a0eb4c900cd280afbd9f670498a1cf34b1a3c29eafed20e5a9c412bd7598,7
NMI_supplementary_materials_2023.zip,2934809474,6928369271d3d80332385600926d3321393a23bccfc054ec2e5cfc540fba4334,NMI_supplementary_materials_2023,8,30,NMI_supplementary_materials_2023.zip.part008,drive_upload_chunks/NMI_supplementary_materials_2023/NMI_supplementary_materials_2023.zip.part008,/Users/mccomb/Library/Caches/Codex/NMI_supplementary_materials_2022_2025/drive_upload_chunks/NMI_supplementary_materials_2023/NMI_supplementary_materials_2023.zip.part008,99614720,da3e51819bcca381c58a5f63d3530015b4cf21a8c1d684cab69eda2319253044,8
NMI_supplementary_materials_2023.zip,2934809474,6928369271d3d80332385600926d3321393a23bccfc054ec2e5cfc540fba4334,NMI_supplementary_materials_2023,9,30,NMI_supplementary_materials_2023.zip.part009,drive_upload_chunks/NMI_supplementary_materials_2023/NMI_supplementary_materials_2023.zip.part009,/Users/mccomb/Library/Caches/Codex/NMI_supplementary_materials_2022_2025/drive_upload_chunks/NMI_supplementary_materials_2023/NMI_supplementary_materials_2023.zip.part009,99614720,f07b97c6a0798ef7ce175278034b148ca3af0e49627f4877351d57895c11f664,9
NMI_supplementary_materials_2023.zip,2934809474,6928369271d3d80332385600926d3321393a23bccfc054ec2e5cfc540fba4334,NMI_supplementary_materials_2023,10,30,NMI_supplementary_materials_2023.zip.part010,drive_upload_chunks/NMI_supplementary_materials_2023/NMI_supplementary_materials_2023.zip.part010,/Users/mccomb/Library/Caches/Codex/NMI_supplementary_materials_2022_2025/drive_upload_chunks/NMI_supplementary_materials_2023/NMI_supplementary_materials_2023.zip.part010,99614720,60d3866a08a216a949f55429940956901c932749fce95c0331e12c71578faa2c,10
NMI_supplementary_materials_2023.zip,2934809474,6928369271d3d80332385600926d3321393a23bccfc054ec2e5cfc540fba4334,NMI_supplementary_materials_2023,11,30,NMI_supplementary_materials_2023.zip.part011,drive_upload_chunks/NMI_supplementary_materials_2023/NMI_supplementary_materials_2023.zip.part011,/Users/mccomb/Library/Caches/Codex/NMI_supplementary_materials_2022_2025/drive_upload_chunks/NMI_supplementary_materials_2023/NMI_supplementary_materials_2023.zip.part011,99614720,dcdc1704a33debdf49444dcf2000d84c924b222173942f6acf1ac4ddd52f1364,11
NMI_supplementary_materials_2023.zip,2934809474,6928369271d3d80332385600926d3321393a23bccfc054ec2e5cfc540fba4334,NMI_supplementary_materials_2023,12,30,NMI_supplementary_materials_2023.zip.part012,drive_upload_chunks/NMI_supplementary_materials_2023/NMI_supplementary_materials_2023.zip.part012,/Users/mccomb/Library/Caches/Codex/NMI_supplementary_materials_2022_2025/drive_upload_chunks/NMI_supplementary_materials_2023/NMI_supplementary_materials_2023.zip.part012,99614720,8c82ecf93571bd17bf2044080100b32b09eda03370b0b3e4fe203ef994dc13a3,12
NMI_supplementary_materials_2023.zip,2934809474,6928369271d3d80332385600926d3321393a23bccfc054ec2e5cfc540fba4334,NMI_supplementary_materials_2023,13,30,NMI_supplementary_materials_2023.zip.part013,drive_upload_chunks/NMI_supplementary_materials_2023/NMI_supplementary_materials_2023.zip.part013,/Users/mccomb/Library/Caches/Codex/NMI_supplementary_materials_2022_2025/drive_upload_chunks/NMI_supplementary_materials_2023/NMI_supplementary_materials_2023.zip.part013,99614720,dc7e9c978bf99176041da6edbe44f6a9f1c18c97ed1c1b41af4ecb5ca3c6037d,13
NMI_supplementary_materials_2023.zip,2934809474,6928369271d3d80332385600926d3321393a23bccfc054ec2e5cfc540fba4334,NMI_supplementary_materials_2023,14,30,NMI_supplementary_materials_2023.zip.part014,drive_upload_chunks/NMI_supplementary_materials_2023/NMI_supplementary_materials_2023.zip.part014,/Users/mccomb/Library/Caches/Codex/NMI_supplementary_materials_2022_2025/drive_upload_chunks/NMI_supplementary_materials_2023/NMI_supplementary_materials_2023.zip.part014,99614720,d514446d23f4fc753f64ee8683804fc4fff0d58646b42ef575b9f966e09f1b85,14
NMI_supplementary_materials_2023.zip,2934809474,6928369271d3d80332385600926d3321393a23bccfc054ec2e5cfc540fba4334,NMI_supplementary_materials_2023,15,30,NMI_supplementary_materials_2023.zip.part015,drive_upload_chunks/NMI_supplementary_materials_2023/NMI_supplementary_materials_2023.zip.part015,/Users/mccomb/Library/Caches/Codex/NMI_supplementary_materials_2022_2025/drive_upload_chunks/NMI_supplementary_materials_2023/NMI_supplementary_materials_2023.zip.part015,99614720,22d360a67241cee75f639e62795f43bf7052c45acd4e6672aa126ec4c5f9edfb,15
NMI_supplementary_materials_2023.zip,2934809474,6928369271d3d80332385600926d3321393a23bccfc054ec2e5cfc540fba4334,NMI_supplementary_materials_2023,16,30,NMI_supplementary_materials_2023.zip.part016,drive_upload_chunks/NMI_supplementary_materials_2023/NMI_supplementary_materials_2023.zip.part016,/Users/mccomb/Library/Caches/Codex/NMI_supplementary_materials_2022_2025/drive_upload_chunks/NMI_supplementary_materials_2023/NMI_supplementary_materials_2023.zip.part016,99614720,7c6770c194747d730e11422372c86b8fb2cac24dc4c243715730685466f0793b,16
NMI_supplementary_materials_2023.zip,2934809474,6928369271d3d80332385600926d3321393a23bccfc054ec2e5cfc540fba4334,NMI_supplementary_materials_2023,17,30,NMI_supplementary_materials_2023.zip.part017,drive_upload_chunks/NMI_supplementary_materials_2023/NMI_supplementary_materials_2023.zip.part017,/Users/mccomb/Library/Caches/Codex/NMI_supplementary_materials_2022_2025/drive_upload_chunks/NMI_supplementary_materials_2023/NMI_supplementary_materials_2023.zip.part017,99614720,5cc614170598f7d233fb9058dc74aff85e57ec6171d821b229a18f4953c2f22f,17
NMI_supplementary_materials_2023.zip,2934809474,6928369271d3d80332385600926d3321393a23bccfc054ec2e5cfc540fba4334,NMI_supplementary_materials_2023,18,30,NMI_supplementary_materials_2023.zip.part018,drive_upload_chunks/NMI_supplementary_materials_2023/NMI_supplementary_materials_2023.zip.part018,/Users/mccomb/Library/Caches/Codex/NMI_supplementary_materials_2022_2025/drive_upload_chunks/NMI_supplementary_materials_2023/NMI_supplementary_materials_2023.zip.part018,99614720,a398478a682f1bce2ddab80b9905b9c56c3210048eaffacda311862749ec5fcf,18
NMI_supplementary_materials_2023.zip,2934809474,6928369271d3d80332385600926d3321393a23bccfc054ec2e5cfc540fba4334,NMI_supplementary_materials_2023,19,30,NMI_supplementary_materials_2023.zip.part019,drive_upload_chunks/NMI_supplementary_materials_2023/NMI_supplementary_materials_2023.zip.part019,/Users/mccomb/Library/Caches/Codex/NMI_supplementary_materials_2022_2025/drive_upload_chunks/NMI_supplementary_materials_2023/NMI_supplementary_materials_2023.zip.part019,99614720,2513701d7239a1f6b819dc398179305a2ab7d82dd00e5a8b303466cda60eed12,19
NMI_supplementary_materials_2023.zip,2934809474,6928369271d3d80332385600926d3321393a23bccfc054ec2e5cfc540fba4334,NMI_supplementary_materials_2023,20,30,NMI_supplementary_materials_2023.zip.part020,drive_upload_chunks/NMI_supplementary_materials_2023/NMI_supplementary_materials_2023.zip.part020,/Users/mccomb/Library/Caches/Codex/NMI_supplementary_materials_2022_2025/drive_upload_chunks/NMI_supplementary_materials_2023/NMI_supplementary_materials_2023.zip.part020,99614720,6f9d99d2d90a9994a99d355bab360d1eea0eff4840e9516bf4b8f421823d99c3,20
NMI_supplementary_materials_2023.zip,2934809474,6928369271d3d80332385600926d3321393a23bccfc054ec2e5cfc540fba4334,NMI_supplementary_materials_2023,21,30,NMI_supplementary_materials_2023.zip.part021,drive_upload_chunks/NMI_supplementary_materials_2023/NMI_supplementary_materials_2023.zip.part021,/Users/mccomb/Library/Caches/Codex/NMI_supplementary_materials_2022_2025/drive_upload_chunks/NMI_supplementary_materials_2023/NMI_supplementary_materials_2023.zip.part021,99614720,82ccc0f31077cb98d127d4c1a29cdfef9f20b5661d033e760c0d0a4b8afde91c,21
NMI_supplementary_materials_2023.zip,2934809474,6928369271d3d80332385600926d3321393a23bccfc054ec2e5cfc540fba4334,NMI_supplementary_materials_2023,22,30,NMI_supplementary_materials_2023.zip.part022,drive_upload_chunks/NMI_supplementary_materials_2023/NMI_supplementary_materials_2023.zip.part022,/Users/mccomb/Library/Caches/Codex/NMI_supplementary_materials_2022_2025/drive_upload_chunks/NMI_supplementary_materials_2023/NMI_supplementary_materials_2023.zip.part022,99614720,fb05b06d995fb356de0cf103ac7009d010ffed4555129b45e9dbd8b45c807b67,22
NMI_supplementary_materials_2023.zip,2934809474,6928369271d3d80332385600926d3321393a23bccfc054ec2e5cfc540fba4334,NMI_supplementary_materials_2023,23,30,NMI_supplementary_materials_2023.zip.part023,drive_upload_chunks/NMI_supplementary_materials_2023/NMI_supplementary_materials_2023.zip.part023,/Users/mccomb/Library/Caches/Codex/NMI_supplementary_materials_2022_2025/drive_upload_chunks/NMI_supplementary_materials_2023/NMI_supplementary_materials_2023.zip.part023,99614720,dc02338480ea4e101ffe87a7db23bc55f6fdfeeab57e1b4ddf28a812fff60af8,23
NMI_supplementary_materials_2023.zip,2934809474,6928369271d3d80332385600926d3321393a23bccfc054ec2e5cfc540fba4334,NMI_supplementary_materials_2023,24,30,NMI_supplementary_materials_2023.zip.part024,drive_upload_chunks/NMI_supplementary_materials_2023/NMI_supplementary_materials_2023.zip.part024,/Users/mccomb/Library/Caches/Codex/NMI_supplementary_materials_2022_2025/drive_upload_chunks/NMI_supplementary_materials_2023/NMI_supplementary_materials_2023.zip.part024,99614720,27d2613b7838a2ac012ce83c070b10283b5430fbb71dcaacf45443ad01674dd6,24
NMI_supplementary_materials_2023.zip,2934809474,6928369271d3d80332385600926d3321393a23bccfc054ec2e5cfc540fba4334,NMI_supplementary_materials_2023,25,30,NMI_supplementary_materials_2023.zip.part025,drive_upload_chunks/NMI_supplementary_materials_2023/NMI_supplementary_materials_2023.zip.part025,/Users/mccomb/Library/Caches/Codex/NMI_supplementary_materials_2022_2025/drive_upload_chunks/NMI_supplementary_materials_2023/NMI_supplementary_materials_2023.zip.part025,99614720,46ff21b5ad6088e27e267d00b02fbcce6c0bba2883cb4cd4a13dc42ee5a7ca44,25
NMI_supplementary_materials_2023.zip,2934809474,6928369271d3d80332385600926d3321393a23bccfc054ec2e5cfc540fba4334,NMI_supplementary_materials_2023,26,30,NMI_supplementary_materials_2023.zip.part026,drive_upload_chunks/NMI_supplementary_materials_2023/NMI_supplementary_materials_2023.zip.part026,/Users/mccomb/Library/Caches/Codex/NMI_supplementary_materials_2022_2025/drive_upload_chunks/NMI_supplementary_materials_2023/NMI_supplementary_materials_2023.zip.part026,99614720,a0170d1ceba173e78f5b6aa193229814ff25882974d31b4eeb36dd85ecf4010b,26
NMI_supplementary_materials_2023.zip,2934809474,6928369271d3d80332385600926d3321393a23bccfc054ec2e5cfc540fba4334,NMI_supplementary_materials_2023,27,30,NMI_supplementary_materials_2023.zip.part027,drive_upload_chunks/NMI_supplementary_materials_2023/NMI_supplementary_materials_2023.zip.part027,/Users/mccomb/Library/Caches/Codex/NMI_supplementary_materials_2022_2025/drive_upload_chunks/NMI_supplementary_materials_2023/NMI_supplementary_materials_2023.zip.part027,99614720,685df67a833f659202da77f35a6a8716b23ad76b345f6f30e436895925b4978b,27
NMI_supplementary_materials_2023.zip,2934809474,6928369271d3d80332385600926d3321393a23bccfc054ec2e5cfc540fba4334,NMI_supplementary_materials_2023,28,30,NMI_supplementary_materials_2023.zip.part028,drive_upload_chunks/NMI_supplementary_materials_2023/NMI_supplementary_materials_2023.zip.part028,/Users/mccomb/Library/Caches/Codex/NMI_supplementary_materials_2022_2025/drive_upload_chunks/NMI_supplementary_materials_2023/NMI_supplementary_materials_2023.zip.part028,99614720,4f4a8893bbe8458a71a2ecd279a03c793f4af13a10066e4780cac937d21d980d,28
NMI_supplementary_materials_2023.zip,2934809474,6928369271d3d80332385600926d3321393a23bccfc054ec2e5cfc540fba4334,NMI_supplementary_materials_2023,29,30,NMI_supplementary_materials_2023.zip.part029,drive_upload_chunks/NMI_supplementary_materials_2023/NMI_supplementary_materials_2023.zip.part029,/Users/mccomb/Library/Caches/Codex/NMI_supplementary_materials_2022_2025/drive_upload_chunks/NMI_supplementary_materials_2023/NMI_supplementary_materials_2023.zip.part029,45982594,8e16318343e0ea887a8e6c26aa1301fae356307dbf90f5ab1aa28ae89ea331a3,29
NMI_supplementary_materials_2024.zip,3632708745,ec64b0f4909420e7d3e32c3661614bcb6111373e6eb1a8465133e563816703c2,NMI_supplementary_materials_2024,0,37,NMI_supplementary_materials_2024.zip.part000,drive_upload_chunks/NMI_supplementary_materials_2024/NMI_supplementary_materials_2024.zip.part000,/Users/mccomb/Library/Caches/Codex/NMI_supplementary_materials_2022_2025/drive_upload_chunks/NMI_supplementary_materials_2024/NMI_supplementary_materials_2024.zip.part000,99614720,b693c91495efb2fd8ef5ada021d83e7beac091f12dd36028c77dd20036eb4918,0
NMI_supplementary_materials_2024.zip,3632708745,ec64b0f4909420e7d3e32c3661614bcb6111373e6eb1a8465133e563816703c2,NMI_supplementary_materials_2024,1,37,NMI_supplementary_materials_2024.zip.part001,drive_upload_chunks/NMI_supplementary_materials_2024/NMI_supplementary_materials_2024.zip.part001,/Users/mccomb/Library/Caches/Codex/NMI_supplementary_materials_2022_2025/drive_upload_chunks/NMI_supplementary_materials_2024/NMI_supplementary_materials_2024.zip.part001,99614720,2b066defade4e94759ab90bb566b0a8642c10e4d4c4ae3e578f519076154c81a,1
NMI_supplementary_materials_2024.zip,3632708745,ec64b0f4909420e7d3e32c3661614bcb6111373e6eb1a8465133e563816703c2,NMI_supplementary_materials_2024,2,37,NMI_supplementary_materials_2024.zip.part002,drive_upload_chunks/NMI_supplementary_materials_2024/NMI_supplementary_materials_2024.zip.part002,/Users/mccomb/Library/Caches/Codex/NMI_supplementary_materials_2022_2025/drive_upload_chunks/NMI_supplementary_materials_2024/NMI_supplementary_materials_2024.zip.part002,99614720,1fbb23f213baf902f095099b77f84a54021142df23ac91c8bbb24912d2ce2f4a,2
NMI_supplementary_materials_2024.zip,3632708745,ec64b0f4909420e7d3e32c3661614bcb6111373e6eb1a8465133e563816703c2,NMI_supplementary_materials_2024,3,37,NMI_supplementary_materials_2024.zip.part003,drive_upload_chunks/NMI_supplementary_materials_2024/NMI_supplementary_materials_2024.zip.part003,/Users/mccomb/Library/Caches/Codex/NMI_supplementary_materials_2022_2025/drive_upload_chunks/NMI_supplementary_materials_2024/NMI_supplementary_materials_2024.zip.part003,99614720,3700a77cd63e3d05aa739842657faccde0c498eb1d127e86390697b7c6823372,3
NMI_supplementary_materials_2024.zip,3632708745,ec64b0f4909420e7d3e32c3661614bcb6111373e6eb1a8465133e563816703c2,NMI_supplementary_materials_2024,4,37,NMI_supplementary_materials_2024.zip.part004,drive_upload_chunks/NMI_supplementary_materials_2024/NMI_supplementary_materials_2024.zip.part004,/Users/mccomb/Library/Caches/Codex/NMI_supplementary_materials_2022_2025/drive_upload_chunks/NMI_supplementary_materials_2024/NMI_supplementary_materials_2024.zip.part004,99614720,70febd5cdde6bef339ca3b9330eda6c6841423e1e29b60b74b22a8d7b1b02846,4
NMI_supplementary_materials_2024.zip,3632708745,ec64b0f4909420e7d3e32c3661614bcb6111373e6eb1a8465133e563816703c2,NMI_supplementary_materials_2024,5,37,NMI_supplementary_materials_2024.zip.part005,drive_upload_chunks/NMI_supplementary_materials_2024/NMI_supplementary_materials_2024.zip.part005,/Users/mccomb/Library/Caches/Codex/NMI_supplementary_materials_2022_2025/drive_upload_chunks/NMI_supplementary_materials_2024/NMI_supplementary_materials_2024.zip.part005,99614720,0ef2970ce64d7cbf407b2a9df5f676768b36e6aeb24717f2a0739c25b269e791,5
NMI_supplementary_materials_2024.zip,3632708745,ec64b0f4909420e7d3e32c3661614bcb6111373e6eb1a8465133e563816703c2,NMI_supplementary_materials_2024,6,37,NMI_supplementary_materials_2024.zip.part006,drive_upload_chunks/NMI_supplementary_materials_2024/NMI_supplementary_materials_2024.zip.part006,/Users/mccomb/Library/Caches/Codex/NMI_supplementary_materials_2022_2025/drive_upload_chunks/NMI_supplementary_materials_2024/NMI_supplementary_materials_2024.zip.part006,99614720,569083ccd33ed444650862f89f41205b8afaacdb62f9ac171a7b7336e02c20dc,6
NMI_supplementary_materials_2024.zip,3632708745,ec64b0f4909420e7d3e32c3661614bcb6111373e6eb1a8465133e563816703c2,NMI_supplementary_materials_2024,7,37,NMI_supplementary_materials_2024.zip.part007,drive_upload_chunks/NMI_supplementary_materials_2024/NMI_supplementary_materials_2024.zip.part007,/Users/mccomb/Library/Caches/Codex/NMI_supplementary_materials_2022_2025/drive_upload_chunks/NMI_supplementary_materials_2024/NMI_supplementary_materials_2024.zip.part007,99614720,20f65c00d938390d0169f4d7f5b61c237945e00f5944f6bc3a8244eff82e2b48,7
NMI_supplementary_materials_2024.zip,3632708745,ec64b0f4909420e7d3e32c3661614bcb6111373e6eb1a8465133e563816703c2,NMI_supplementary_materials_2024,8,37,NMI_supplementary_materials_2024.zip.part008,drive_upload_chunks/NMI_supplementary_materials_2024/NMI_supplementary_materials_2024.zip.part008,/Users/mccomb/Library/Caches/Codex/NMI_supplementary_materials_2022_2025/drive_upload_chunks/NMI_supplementary_materials_2024/NMI_supplementary_materials_2024.zip.part008,99614720,c9c0d32c97ce6b82817e2b33e7cac21ff8e2c6b58fab9781edc9fb90d1b2d6cd,8
NMI_supplementary_materials_2024.zip,3632708745,ec64b0f4909420e7d3e32c3661614bcb6111373e6eb1a8465133e563816703c2,NMI_supplementary_materials_2024,9,37,NMI_supplementary_materials_2024.zip.part009,drive_upload_chunks/NMI_supplementary_materials_2024/NMI_supplementary_materials_2024.zip.part009,/Users/mccomb/Library/Caches/Codex/NMI_supplementary_materials_2022_2025/drive_upload_chunks/NMI_supplementary_materials_2024/NMI_supplementary_materials_2024.zip.part009,99614720,cbd4f3c401306eee13862d398ce9f018bc923cefc40d2e1e2e4a7fc63b5fc4d6,9
NMI_supplementary_materials_2024.zip,3632708745,ec64b0f4909420e7d3e32c3661614bcb6111373e6eb1a8465133e563816703c2,NMI_supplementary_materials_2024,10,37,NMI_supplementary_materials_2024.zip.part010,drive_upload_chunks/NMI_supplementary_materials_2024/NMI_supplementary_materials_2024.zip.part010,/Users/mccomb/Library/Caches/Codex/NMI_supplementary_materials_2022_2025/drive_upload_chunks/NMI_supplementary_materials_2024/NMI_supplementary_materials_2024.zip.part010,99614720,6447aa4edcd53ec6c1fb84d75f7e4fe3a72cc5cbf57f3961aba0ad03bdad1a8f,10
NMI_supplementary_materials_2024.zip,3632708745,ec64b0f4909420e7d3e32c3661614bcb6111373e6eb1a8465133e563816703c2,NMI_supplementary_materials_2024,11,37,NMI_supplementary_materials_2024.zip.part011,drive_upload_chunks/NMI_supplementary_materials_2024/NMI_supplementary_materials_2024.zip.part011,/Users/mccomb/Library/Caches/Codex/NMI_supplementary_materials_2022_2025/drive_upload_chunks/NMI_supplementary_materials_2024/NMI_supplementary_materials_2024.zip.part011,99614720,8402cc4171432a41fe5a8b37d7153b0cc07bd0b71d583658dc7bbf23ea57d165,11
NMI_supplementary_materials_2024.zip,3632708745,ec64b0f4909420e7d3e32c3661614bcb6111373e6eb1a8465133e563816703c2,NMI_supplementary_materials_2024,12,37,NMI_supplementary_materials_2024.zip.part012,drive_upload_chunks/NMI_supplementary_materials_2024/NMI_supplementary_materials_2024.zip.part012,/Users/mccomb/Library/Caches/Codex/NMI_supplementary_materials_2022_2025/drive_upload_chunks/NMI_supplementary_materials_2024/NMI_supplementary_materials_2024.zip.part012,99614720,2f7b8aae29c255ca9a6bdacda54276ed469957e9422f60844e440a5bb7841d03,12
NMI_supplementary_materials_2024.zip,3632708745,ec64b0f4909420e7d3e32c3661614bcb6111373e6eb1a8465133e563816703c2,NMI_supplementary_materials_2024,13,37,NMI_supplementary_materials_2024.zip.part013,drive_upload_chunks/NMI_supplementary_materials_2024/NMI_supplementary_materials_2024.zip.part013,/Users/mccomb/Library/Caches/Codex/NMI_supplementary_materials_2022_2025/drive_upload_chunks/NMI_supplementary_materials_2024/NMI_supplementary_materials_2024.zip.part013,99614720,3a28b55fc711f32a54b61add1cc07d09ede881f1f2210d00858ec60e35e17f2e,13
NMI_supplementary_materials_2024.zip,3632708745,ec64b0f4909420e7d3e32c3661614bcb6111373e6eb1a8465133e563816703c2,NMI_supplementary_materials_2024,14,37,NMI_supplementary_materials_2024.zip.part014,drive_upload_chunks/NMI_supplementary_materials_2024/NMI_supplementary_materials_2024.zip.part014,/Users/mccomb/Library/Caches/Codex/NMI_supplementary_materials_2022_2025/drive_upload_chunks/NMI_supplementary_materials_2024/NMI_supplementary_materials_2024.zip.part014,99614720,6b4e815ad2848ceed3d4c531a7023bac53881c470d92c294d82a9219a22f2d52,14
NMI_supplementary_materials_2024.zip,3632708745,ec64b0f4909420e7d3e32c3661614bcb6111373e6eb1a8465133e563816703c2,NMI_supplementary_materials_2024,15,37,NMI_supplementary_materials_2024.zip.part015,drive_upload_chunks/NMI_supplementary_materials_2024/NMI_supplementary_materials_2024.zip.part015,/Users/mccomb/Library/Caches/Codex/NMI_supplementary_materials_2022_2025/drive_upload_chunks/NMI_supplementary_materials_2024/NMI_supplementary_materials_2024.zip.part015,99614720,73a91bc6901a75de1680c32c436118d62adf7eb1dd10e0a55bb24810f3f6af4c,15
NMI_supplementary_materials_2024.zip,3632708745,ec64b0f4909420e7d3e32c3661614bcb6111373e6eb1a8465133e563816703c2,NMI_supplementary_materials_2024,16,37,NMI_supplementary_materials_2024.zip.part016,drive_upload_chunks/NMI_supplementary_materials_2024/NMI_supplementary_materials_2024.zip.part016,/Users/mccomb/Library/Caches/Codex/NMI_supplementary_materials_2022_2025/drive_upload_chunks/NMI_supplementary_materials_2024/NMI_supplementary_materials_2024.zip.part016,99614720,616bd2c9cf760e8b805ca791a8184c0488feb9094b3d82dda3291348cd93eba3,16
NMI_supplementary_materials_2024.zip,3632708745,ec64b0f4909420e7d3e32c3661614bcb6111373e6eb1a8465133e563816703c2,NMI_supplementary_materials_2024,17,37,NMI_supplementary_materials_2024.zip.part017,drive_upload_chunks/NMI_supplementary_materials_2024/NMI_supplementary_materials_2024.zip.part017,/Users/mccomb/Library/Caches/Codex/NMI_supplementary_materials_2022_2025/drive_upload_chunks/NMI_supplementary_materials_2024/NMI_supplementary_materials_2024.zip.part017,99614720,aac304a4089107175cd609dcb88336b959f27e99dc5e2da6655dcf60e0e5dbc9,17
NMI_supplementary_materials_2024.zip,3632708745,ec64b0f4909420e7d3e32c3661614bcb6111373e6eb1a8465133e563816703c2,NMI_supplementary_materials_2024,18,37,NMI_supplementary_materials_2024.zip.part018,drive_upload_chunks/NMI_supplementary_materials_2024/NMI_supplementary_materials_2024.zip.part018,/Users/mccomb/Library/Caches/Codex/NMI_supplementary_materials_2022_2025/drive_upload_chunks/NMI_supplementary_materials_2024/NMI_supplementary_materials_2024.zip.part018,99614720,f7ffa6a313ca2d4e6961885b071123973956f2347b47ab3b7f3251ab581a1eba,18
NMI_supplementary_materials_2024.zip,3632708745,ec64b0f4909420e7d3e32c3661614bcb6111373e6eb1a8465133e563816703c2,NMI_supplementary_materials_2024,19,37,NMI_supplementary_materials_2024.zip.part019,drive_upload_chunks/NMI_supplementary_materials_2024/NMI_supplementary_materials_2024.zip.part019,/Users/mccomb/Library/Caches/Codex/NMI_supplementary_materials_2022_2025/drive_upload_chunks/NMI_supplementary_materials_2024/NMI_supplementary_materials_2024.zip.part019,99614720,5789eb0da79023dd085d2fe637b40ce00058327ba40cca723bfb7d31150e3e3a,19
NMI_supplementary_materials_2024.zip,3632708745,ec64b0f4909420e7d3e32c3661614bcb6111373e6eb1a8465133e563816703c2,NMI_supplementary_materials_2024,20,37,NMI_supplementary_materials_2024.zip.part020,drive_upload_chunks/NMI_supplementary_materials_2024/NMI_supplementary_materials_2024.zip.part020,/Users/mccomb/Library/Caches/Codex/NMI_supplementary_materials_2022_2025/drive_upload_chunks/NMI_supplementary_materials_2024/NMI_supplementary_materials_2024.zip.part020,99614720,cb4a54c3ea3ff8a02d1dfe61687d8a86c2685070b35f803dc5ed483a502128a2,20
NMI_supplementary_materials_2024.zip,3632708745,ec64b0f4909420e7d3e32c3661614bcb6111373e6eb1a8465133e563816703c2,NMI_supplementary_materials_2024,21,37,NMI_supplementary_materials_2024.zip.part021,drive_upload_chunks/NMI_supplementary_materials_2024/NMI_supplementary_materials_2024.zip.part021,/Users/mccomb/Library/Caches/Codex/NMI_supplementary_materials_2022_2025/drive_upload_chunks/NMI_supplementary_materials_2024/NMI_supplementary_materials_2024.zip.part021,99614720,ec4e58a4c5c30abec75f47fa050b0e42450eace3d2dd266aef9c5eb96e64d7c6,21
NMI_supplementary_materials_2024.zip,3632708745,ec64b0f4909420e7d3e32c3661614bcb6111373e6eb1a8465133e563816703c2,NMI_supplementary_materials_2024,22,37,NMI_supplementary_materials_2024.zip.part022,drive_upload_chunks/NMI_supplementary_materials_2024/NMI_supplementary_materials_2024.zip.part022,/Users/mccomb/Library/Caches/Codex/NMI_supplementary_materials_2022_2025/drive_upload_chunks/NMI_supplementary_materials_2024/NMI_supplementary_materials_2024.zip.part022,99614720,aad7e7e8bc1c5879317d0c32a7a86fa6499bdfd0116e139244a1a6bde442fd90,22
NMI_supplementary_materials_2024.zip,3632708745,ec64b0f4909420e7d3e32c3661614bcb6111373e6eb1a8465133e563816703c2,NMI_supplementary_materials_2024,23,37,NMI_supplementary_materials_2024.zip.part023,drive_upload_chunks/NMI_supplementary_materials_2024/NMI_supplementary_materials_2024.zip.part023,/Users/mccomb/Library/Caches/Codex/NMI_supplementary_materials_2022_2025/drive_upload_chunks/NMI_supplementary_materials_2024/NMI_supplementary_materials_2024.zip.part023,99614720,e519a327ab17f4d7425426a2bedba293db30d067dd814b464d79c2b9514016dc,23
NMI_supplementary_materials_2024.zip,3632708745,ec64b0f4909420e7d3e32c3661614bcb6111373e6eb1a8465133e563816703c2,NMI_supplementary_materials_2024,24,37,NMI_supplementary_materials_2024.zip.part024,drive_upload_chunks/NMI_supplementary_materials_2024/NMI_supplementary_materials_2024.zip.part024,/Users/mccomb/Library/Caches/Codex/NMI_supplementary_materials_2022_2025/drive_upload_chunks/NMI_supplementary_materials_2024/NMI_supplementary_materials_2024.zip.part024,99614720,84809fae8148076f0e44ddb264efac9d85216500066a30c1bb13fed2830df26e,24
NMI_supplementary_materials_2024.zip,3632708745,ec64b0f4909420e7d3e32c3661614bcb6111373e6eb1a8465133e563816703c2,NMI_supplementary_materials_2024,25,37,NMI_supplementary_materials_2024.zip.part025,drive_upload_chunks/NMI_supplementary_materials_2024/NMI_supplementary_materials_2024.zip.part025,/Users/mccomb/Library/Caches/Codex/NMI_supplementary_materials_2022_2025/drive_upload_chunks/NMI_supplementary_materials_2024/NMI_supplementary_materials_2024.zip.part025,99614720,b261261ce28f7e2dc908c34312a2c28be5c00f95a101dd8c1457b9206a679d65,25
NMI_supplementary_materials_2024.zip,3632708745,ec64b0f4909420e7d3e32c3661614bcb6111373e6eb1a8465133e563816703c2,NMI_supplementary_materials_2024,26,37,NMI_supplementary_materials_2024.zip.part026,drive_upload_chunks/NMI_supplementary_materials_2024/NMI_supplementary_materials_2024.zip.part026,/Users/mccomb/Library/Caches/Codex/NMI_supplementary_materials_2022_2025/drive_upload_chunks/NMI_supplementary_materials_2024/NMI_supplementary_materials_2024.zip.part026,99614720,c1135ac2d1535aad13d5e7cd60d45cea9612115f32c994e4f4e4fd58a9872937,26
NMI_supplementary_materials_2024.zip,3632708745,ec64b0f4909420e7d3e32c3661614bcb6111373e6eb1a8465133e563816703c2,NMI_supplementary_materials_2024,27,37,NMI_supplementary_materials_2024.zip.part027,drive_upload_chunks/NMI_supplementary_materials_2024/NMI_supplementary_materials_2024.zip.part027,/Users/mccomb/Library/Caches/Codex/NMI_supplementary_materials_2022_2025/drive_upload_chunks/NMI_supplementary_materials_2024/NMI_supplementary_materials_2024.zip.part027,99614720,5453767e0d522ca51a02cff7bcbdb340ad1889b2e6d36aa69ba1aca5a60d9cc7,27
NMI_supplementary_materials_2024.zip,3632708745,ec64b0f4909420e7d3e32c3661614bcb6111373e6eb1a8465133e563816703c2,NMI_supplementary_materials_2024,28,37,NMI_supplementary_materials_2024.zip.part028,drive_upload_chunks/NMI_supplementary_materials_2024/NMI_supplementary_materials_2024.zip.part028,/Users/mccomb/Library/Caches/Codex/NMI_supplementary_materials_2022_2025/drive_upload_chunks/NMI_supplementary_materials_2024/NMI_supplementary_materials_2024.zip.part028,99614720,6d5fcfb3d50db8cd2ab4d8b9fbbb6f43aae0a9ba9a1564231c3b58ec7ba95b5e,28
NMI_supplementary_materials_2024.zip,3632708745,ec64b0f4909420e7d3e32c3661614bcb6111373e6eb1a8465133e563816703c2,NMI_supplementary_materials_2024,29,37,NMI_supplementary_materials_2024.zip.part029,drive_upload_chunks/NMI_supplementary_materials_2024/NMI_supplementary_materials_2024.zip.part029,/Users/mccomb/Library/Caches/Codex/NMI_supplementary_materials_2022_2025/drive_upload_chunks/NMI_supplementary_materials_2024/NMI_supplementary_materials_2024.zip.part029,99614720,2f467f233fd6ffd7688435875d7f030ba13f363e94f98000b58bf44ce25663a7,29
NMI_supplementary_materials_2024.zip,3632708745,ec64b0f4909420e7d3e32c3661614bcb6111373e6eb1a8465133e563816703c2,NMI_supplementary_materials_2024,30,37,NMI_supplementary_materials_2024.zip.part030,drive_upload_chunks/NMI_supplementary_materials_2024/NMI_supplementary_materials_2024.zip.part030,/Users/mccomb/Library/Caches/Codex/NMI_supplementary_materials_2022_2025/drive_upload_chunks/NMI_supplementary_materials_2024/NMI_supplementary_materials_2024.zip.part030,99614720,c351cf2cefc2b4880e1bf3cafae9efe2f2e5955350f981bbf4fd98e0df829652,30
NMI_supplementary_materials_2024.zip,3632708745,ec64b0f4909420e7d3e32c3661614bcb6111373e6eb1a8465133e563816703c2,NMI_supplementary_materials_2024,31,37,NMI_supplementary_materials_2024.zip.part031,drive_upload_chunks/NMI_supplementary_materials_2024/NMI_supplementary_materials_2024.zip.part031,/Users/mccomb/Library/Caches/Codex/NMI_supplementary_materials_2022_2025/drive_upload_chunks/NMI_supplementary_materials_2024/NMI_supplementary_materials_2024.zip.part031,99614720,9f0c1b72296618604e12c14985405884d554622b76494ec6171b475b3907dcc0,31
NMI_supplementary_materials_2024.zip,3632708745,ec64b0f4909420e7d3e32c3661614bcb6111373e6eb1a8465133e563816703c2,NMI_supplementary_materials_2024,32,37,NMI_supplementary_materials_2024.zip.part032,drive_upload_chunks/NMI_supplementary_materials_2024/NMI_supplementary_materials_2024.zip.part032,/Users/mccomb/Library/Caches/Codex/NMI_supplementary_materials_2022_2025/drive_upload_chunks/NMI_supplementary_materials_2024/NMI_supplementary_materials_2024.zip.part032,99614720,2e64dae4acfde45cee23eb60d79ab8945ecb441937f869d2aaaffe6ab0b8043a,32
NMI_supplementary_materials_2024.zip,3632708745,ec64b0f4909420e7d3e32c3661614bcb6111373e6eb1a8465133e563816703c2,NMI_supplementary_materials_2024,33,37,NMI_supplementary_materials_2024.zip.part033,drive_upload_chunks/NMI_supplementary_materials_2024/NMI_supplementary_materials_2024.zip.part033,/Users/mccomb/Library/Caches/Codex/NMI_supplementary_materials_2022_2025/drive_upload_chunks/NMI_supplementary_materials_2024/NMI_supplementary_materials_2024.zip.part033,99614720,b53bdf257edb6bcf5a37a5a973ef204d811a8c10d87e02d603c972e6f62247de,33
NMI_supplementary_materials_2024.zip,3632708745,ec64b0f4909420e7d3e32c3661614bcb6111373e6eb1a8465133e563816703c2,NMI_supplementary_materials_2024,34,37,NMI_supplementary_materials_2024.zip.part034,drive_upload_chunks/NMI_supplementary_materials_2024/NMI_supplementary_materials_2024.zip.part034,/Users/mccomb/Library/Caches/Codex/NMI_supplementary_materials_2022_2025/drive_upload_chunks/NMI_supplementary_materials_2024/NMI_supplementary_materials_2024.zip.part034,99614720,78de025135c6f8602a45ab7078d4c52007498ad26c022f797c67be059ea57905,34
NMI_supplementary_materials_2024.zip,3632708745,ec64b0f4909420e7d3e32c3661614bcb6111373e6eb1a8465133e563816703c2,NMI_supplementary_materials_2024,35,37,NMI_supplementary_materials_2024.zip.part035,drive_upload_chunks/NMI_supplementary_materials_2024/NMI_supplementary_materials_2024.zip.part035,/Users/mccomb/Library/Caches/Codex/NMI_supplementary_materials_2022_2025/drive_upload_chunks/NMI_supplementary_materials_2024/NMI_supplementary_materials_2024.zip.part035,99614720,a158e3708d810390619c3bd1227f628ff99e4ecae5a02a56bd809fe82295abb2,35
NMI_supplementary_materials_2024.zip,3632708745,ec64b0f4909420e7d3e32c3661614bcb6111373e6eb1a8465133e563816703c2,NMI_supplementary_materials_2024,36,37,NMI_supplementary_materials_2024.zip.part036,drive_upload_chunks/NMI_supplementary_materials_2024/NMI_supplementary_materials_2024.zip.part036,/Users/mccomb/Library/Caches/Codex/NMI_supplementary_materials_2022_2025/drive_upload_chunks/NMI_supplementary_materials_2024/NMI_supplementary_materials_2024.zip.part036,46578825,2ee22f1179c51dddfd465f58946bf81caef11c59d3176e01c2bacf45c608f9ba,36
NMI_supplementary_materials_2025.zip,8154211993,9f9497e5e188071dcd880d93439a6ebe71bfa4698541fcee5657ff703a816b84,NMI_supplementary_materials_2025,0,82,NMI_supplementary_materials_2025.zip.part000,drive_upload_chunks/NMI_supplementary_materials_2025/NMI_supplementary_materials_2025.zip.part000,/Users/mccomb/Library/Caches/Codex/NMI_supplementary_materials_2022_2025/drive_upload_chunks/NMI_supplementary_materials_2025/NMI_supplementary_materials_2025.zip.part000,99614720,9d7ccc3c164733dcf0b8d2b4236bf152a870c0a46c5f2cc14c3123785090f4d8,0
NMI_supplementary_materials_2025.zip,8154211993,9f9497e5e188071dcd880d93439a6ebe71bfa4698541fcee5657ff703a816b84,NMI_supplementary_materials_2025,1,82,NMI_supplementary_materials_2025.zip.part001,drive_upload_chunks/NMI_supplementary_materials_2025/NMI_supplementary_materials_2025.zip.part001,/Users/mccomb/Library/Caches/Codex/NMI_supplementary_materials_2022_2025/drive_upload_chunks/NMI_supplementary_materials_2025/NMI_supplementary_materials_2025.zip.part001,99614720,44a44eb9049a8620507c197447a0044b46254c61ae23b1fc1c44d3ab239ecf7a,1
NMI_supplementary_materials_2025.zip,8154211993,9f9497e5e188071dcd880d93439a6ebe71bfa4698541fcee5657ff703a816b84,NMI_supplementary_materials_2025,2,82,NMI_supplementary_materials_2025.zip.part002,drive_upload_chunks/NMI_supplementary_materials_2025/NMI_supplementary_materials_2025.zip.part002,/Users/mccomb/Library/Caches/Codex/NMI_supplementary_materials_2022_2025/drive_upload_chunks/NMI_supplementary_materials_2025/NMI_supplementary_materials_2025.zip.part002,99614720,3ed3433995cfff4cc399900edd007d9b495af72cc46e47fa214047b58d7cb421,2
NMI_supplementary_materials_2025.zip,8154211993,9f9497e5e188071dcd880d93439a6ebe71bfa4698541fcee5657ff703a816b84,NMI_supplementary_materials_2025,3,82,NMI_supplementary_materials_2025.zip.part003,drive_upload_chunks/NMI_supplementary_materials_2025/NMI_supplementary_materials_2025.zip.part003,/Users/mccomb/Library/Caches/Codex/NMI_supplementary_materials_2022_2025/drive_upload_chunks/NMI_supplementary_materials_2025/NMI_supplementary_materials_2025.zip.part003,99614720,372406375461eff9168f3a9f904b9dfeb2a877caccbf6ce8a82b8e4da2acffa1,3
NMI_supplementary_materials_2025.zip,8154211993,9f9497e5e188071dcd880d93439a6ebe71bfa4698541fcee5657ff703a816b84,NMI_supplementary_materials_2025,4,82,NMI_supplementary_materials_2025.zip.part004,drive_upload_chunks/NMI_supplementary_materials_2025/NMI_supplementary_materials_2025.zip.part004,/Users/mccomb/Library/Caches/Codex/NMI_supplementary_materials_2022_2025/drive_upload_chunks/NMI_supplementary_materials_2025/NMI_supplementary_materials_2025.zip.part004,99614720,723d501a9675898cf06515d9f798e53aa0b5d540be2236315f2825ca73dbc0ec,4
NMI_supplementary_materials_2025.zip,8154211993,9f9497e5e188071dcd880d93439a6ebe71bfa4698541fcee5657ff703a816b84,NMI_supplementary_materials_2025,5,82,NMI_supplementary_materials_2025.zip.part005,drive_upload_chunks/NMI_supplementary_materials_2025/NMI_supplementary_materials_2025.zip.part005,/Users/mccomb/Library/Caches/Codex/NMI_supplementary_materials_2022_2025/drive_upload_chunks/NMI_supplementary_materials_2025/NMI_supplementary_materials_2025.zip.part005,99614720,dfdbbf52afba835c16706d3d0240029be2d131d24e5daefaac1f1db52fc1736d,5
NMI_supplementary_materials_2025.zip,8154211993,9f9497e5e188071dcd880d93439a6ebe71bfa4698541fcee5657ff703a816b84,NMI_supplementary_materials_2025,6,82,NMI_supplementary_materials_2025.zip.part006,drive_upload_chunks/NMI_supplementary_materials_2025/NMI_supplementary_materials_2025.zip.part006,/Users/mccomb/Library/Caches/Codex/NMI_supplementary_materials_2022_2025/drive_upload_chunks/NMI_supplementary_materials_2025/NMI_supplementary_materials_2025.zip.part006,99614720,74e55bcd49a8d99c74d7a68b46892030dc45d002da7f05ba9cad1d96ac17f0af,6
NMI_supplementary_materials_2025.zip,8154211993,9f9497e5e188071dcd880d93439a6ebe71bfa4698541fcee5657ff703a816b84,NMI_supplementary_materials_2025,7,82,NMI_supplementary_materials_2025.zip.part007,drive_upload_chunks/NMI_supplementary_materials_2025/NMI_supplementary_materials_2025.zip.part007,/Users/mccomb/Library/Caches/Codex/NMI_supplementary_materials_2022_2025/drive_upload_chunks/NMI_supplementary_materials_2025/NMI_supplementary_materials_2025.zip.part007,99614720,07381291704c25ee4067c8bea0c1c2e653468dd66f92e96af1ae02189cdb2752,7
NMI_supplementary_materials_2025.zip,8154211993,9f9497e5e188071dcd880d93439a6ebe71bfa4698541fcee5657ff703a816b84,NMI_supplementary_materials_2025,8,82,NMI_supplementary_materials_2025.zip.part008,drive_upload_chunks/NMI_supplementary_materials_2025/NMI_supplementary_materials_2025.zip.part008,/Users/mccomb/Library/Caches/Codex/NMI_supplementary_materials_2022_2025/drive_upload_chunks/NMI_supplementary_materials_2025/NMI_supplementary_materials_2025.zip.part008,99614720,1313ae1fade1f9368af8ee203f64d15ad44697204039308a879c0f4a3bde5512,8
NMI_supplementary_materials_2025.zip,8154211993,9f9497e5e188071dcd880d93439a6ebe71bfa4698541fcee5657ff703a816b84,NMI_supplementary_materials_2025,9,82,NMI_supplementary_materials_2025.zip.part009,drive_upload_chunks/NMI_supplementary_materials_2025/NMI_supplementary_materials_2025.zip.part009,/Users/mccomb/Library/Caches/Codex/NMI_supplementary_materials_2022_2025/drive_upload_chunks/NMI_supplementary_materials_2025/NMI_supplementary_materials_2025.zip.part009,99614720,52590541e62a6f86daeedae81c4a6dd142003a9023888d54498cd8638af00857,9
NMI_supplementary_materials_2025.zip,8154211993,9f9497e5e188071dcd880d93439a6ebe71bfa4698541fcee5657ff703a816b84,NMI_supplementary_materials_2025,10,82,NMI_supplementary_materials_2025.zip.part010,drive_upload_chunks/NMI_supplementary_materials_2025/NMI_supplementary_materials_2025.zip.part010,/Users/mccomb/Library/Caches/Codex/NMI_supplementary_materials_2022_2025/drive_upload_chunks/NMI_supplementary_materials_2025/NMI_supplementary_materials_2025.zip.part010,99614720,b69ee2c6880fbfed0637c54e44f687cb5281bd161b0fbba3806b11be4cd0e4b3,10
NMI_supplementary_materials_2025.zip,8154211993,9f9497e5e188071dcd880d93439a6ebe71bfa4698541fcee5657ff703a816b84,NMI_supplementary_materials_2025,11,82,NMI_supplementary_materials_2025.zip.part011,drive_upload_chunks/NMI_supplementary_materials_2025/NMI_supplementary_materials_2025.zip.part011,/Users/mccomb/Library/Caches/Codex/NMI_supplementary_materials_2022_2025/drive_upload_chunks/NMI_supplementary_materials_2025/NMI_supplementary_materials_2025.zip.part011,99614720,3408dc2448bcbfe8570b933302f69eb35a334aa4e49e54bafbc1e598552b66a9,11
NMI_supplementary_materials_2025.zip,8154211993,9f9497e5e188071dcd880d93439a6ebe71bfa4698541fcee5657ff703a816b84,NMI_supplementary_materials_2025,12,82,NMI_supplementary_materials_2025.zip.part012,drive_upload_chunks/NMI_supplementary_materials_2025/NMI_supplementary_materials_2025.zip.part012,/Users/mccomb/Library/Caches/Codex/NMI_supplementary_materials_2022_2025/drive_upload_chunks/NMI_supplementary_materials_2025/NMI_supplementary_materials_2025.zip.part012,99614720,af5e9794638548effbf521aa91adcd3621d635d280de08f45bbd1998a9b64693,12
NMI_supplementary_materials_2025.zip,8154211993,9f9497e5e188071dcd880d93439a6ebe71bfa4698541fcee5657ff703a816b84,NMI_supplementary_materials_2025,13,82,NMI_supplementary_materials_2025.zip.part013,drive_upload_chunks/NMI_supplementary_materials_2025/NMI_supplementary_materials_2025.zip.part013,/Users/mccomb/Library/Caches/Codex/NMI_supplementary_materials_2022_2025/drive_upload_chunks/NMI_supplementary_materials_2025/NMI_supplementary_materials_2025.zip.part013,99614720,73a98fbea7cb6ef108eb4aa38433fd8ccfc701fdd20e80cb10dcd7adaaa91dcb,13
NMI_supplementary_materials_2025.zip,8154211993,9f9497e5e188071dcd880d93439a6ebe71bfa4698541fcee5657ff703a816b84,NMI_supplementary_materials_2025,14,82,NMI_supplementary_materials_2025.zip.part014,drive_upload_chunks/NMI_supplementary_materials_2025/NMI_supplementary_materials_2025.zip.part014,/Users/mccomb/Library/Caches/Codex/NMI_supplementary_materials_2022_2025/drive_upload_chunks/NMI_supplementary_materials_2025/NMI_supplementary_materials_2025.zip.part014,99614720,a71edd1cbe8b4cd33895fc50e84043d8e9d081fac248b9c18fbd214ff0d0688d,14
NMI_supplementary_materials_2025.zip,8154211993,9f9497e5e188071dcd880d93439a6ebe71bfa4698541fcee5657ff703a816b84,NMI_supplementary_materials_2025,15,82,NMI_supplementary_materials_2025.zip.part015,drive_upload_chunks/NMI_supplementary_materials_2025/NMI_supplementary_materials_2025.zip.part015,/Users/mccomb/Library/Caches/Codex/NMI_supplementary_materials_2022_2025/drive_upload_chunks/NMI_supplementary_materials_2025/NMI_supplementary_materials_2025.zip.part015,99614720,5e03aace5abb2a0288372385c2ad0691a73c4f7ca8e2eca1e8a838a31a5024f4,15
NMI_supplementary_materials_2025.zip,8154211993,9f9497e5e188071dcd880d93439a6ebe71bfa4698541fcee5657ff703a816b84,NMI_supplementary_materials_2025,16,82,NMI_supplementary_materials_2025.zip.part016,drive_upload_chunks/NMI_supplementary_materials_2025/NMI_supplementary_materials_2025.zip.part016,/Users/mccomb/Library/Caches/Codex/NMI_supplementary_materials_2022_2025/drive_upload_chunks/NMI_supplementary_materials_2025/NMI_supplementary_materials_2025.zip.part016,99614720,af6f3cf5e36175e283690e4b204330c61bc616752ce9688c6a52a9753b5066e8,16
NMI_supplementary_materials_2025.zip,8154211993,9f9497e5e188071dcd880d93439a6ebe71bfa4698541fcee5657ff703a816b84,NMI_supplementary_materials_2025,17,82,NMI_supplementary_materials_2025.zip.part017,drive_upload_chunks/NMI_supplementary_materials_2025/NMI_supplementary_materials_2025.zip.part017,/Users/mccomb/Library/Caches/Codex/NMI_supplementary_materials_2022_2025/drive_upload_chunks/NMI_supplementary_materials_2025/NMI_supplementary_materials_2025.zip.part017,99614720,c8b28663cfc41401dfacff92c9277954a30e58df565f92504dddeaa47ddf6c30,17
NMI_supplementary_materials_2025.zip,8154211993,9f9497e5e188071dcd880d93439a6ebe71bfa4698541fcee5657ff703a816b84,NMI_supplementary_materials_2025,18,82,NMI_supplementary_materials_2025.zip.part018,drive_upload_chunks/NMI_supplementary_materials_2025/NMI_supplementary_materials_2025.zip.part018,/Users/mccomb/Library/Caches/Codex/NMI_supplementary_materials_2022_2025/drive_upload_chunks/NMI_supplementary_materials_2025/NMI_supplementary_materials_2025.zip.part018,99614720,560aa8077273156b8ca43766e87bfdf22ff6db259520b3ac07914e23f3e7f32e,18
NMI_supplementary_materials_2025.zip,8154211993,9f9497e5e188071dcd880d93439a6ebe71bfa4698541fcee5657ff703a816b84,NMI_supplementary_materials_2025,19,82,NMI_supplementary_materials_2025.zip.part019,drive_upload_chunks/NMI_supplementary_materials_2025/NMI_supplementary_materials_2025.zip.part019,/Users/mccomb/Library/Caches/Codex/NMI_supplementary_materials_2022_2025/drive_upload_chunks/NMI_supplementary_materials_2025/NMI_supplementary_materials_2025.zip.part019,99614720,4fd1342ef041b5dffe59d05d3511e69d4aae31e5b811e93f3cd8d41506402c00,19
NMI_supplementary_materials_2025.zip,8154211993,9f9497e5e188071dcd880d93439a6ebe71bfa4698541fcee5657ff703a816b84,NMI_supplementary_materials_2025,20,82,NMI_supplementary_materials_2025.zip.part020,drive_upload_chunks/NMI_supplementary_materials_2025/NMI_supplementary_materials_2025.zip.part020,/Users/mccomb/Library/Caches/Codex/NMI_supplementary_materials_2022_2025/drive_upload_chunks/NMI_supplementary_materials_2025/NMI_supplementary_materials_2025.zip.part020,99614720,42bd1468e5ab2c5e9f1b422b2b89e6c4702cd922bd2c5de354963438cddef80f,20
NMI_supplementary_materials_2025.zip,8154211993,9f9497e5e188071dcd880d93439a6ebe71bfa4698541fcee5657ff703a816b84,NMI_supplementary_materials_2025,21,82,NMI_supplementary_materials_2025.zip.part021,drive_upload_chunks/NMI_supplementary_materials_2025/NMI_supplementary_materials_2025.zip.part021,/Users/mccomb/Library/Caches/Codex/NMI_supplementary_materials_2022_2025/drive_upload_chunks/NMI_supplementary_materials_2025/NMI_supplementary_materials_2025.zip.part021,99614720,552cc6d940987acde2f4006c5a679219fe5cae462269700f20230dcbc978f473,21
NMI_supplementary_materials_2025.zip,8154211993,9f9497e5e188071dcd880d93439a6ebe71bfa4698541fcee5657ff703a816b84,NMI_supplementary_materials_2025,22,82,NMI_supplementary_materials_2025.zip.part022,drive_upload_chunks/NMI_supplementary_materials_2025/NMI_supplementary_materials_2025.zip.part022,/Users/mccomb/Library/Caches/Codex/NMI_supplementary_materials_2022_2025/drive_upload_chunks/NMI_supplementary_materials_2025/NMI_supplementary_materials_2025.zip.part022,99614720,e4bb2ca5d994f74265604fa9c5e63394802a2f09d108dfa91fc6a8e519115e60,22
NMI_supplementary_materials_2025.zip,8154211993,9f9497e5e188071dcd880d93439a6ebe71bfa4698541fcee5657ff703a816b84,NMI_supplementary_materials_2025,23,82,NMI_supplementary_materials_2025.zip.part023,drive_upload_chunks/NMI_supplementary_materials_2025/NMI_supplementary_materials_2025.zip.part023,/Users/mccomb/Library/Caches/Codex/NMI_supplementary_materials_2022_2025/drive_upload_chunks/NMI_supplementary_materials_2025/NMI_supplementary_materials_2025.zip.part023,99614720,c0e40cf307829552396acc6f5e70c5a8637da169a5639f6b672dbb0bd3f3b02f,23
NMI_supplementary_materials_2025.zip,8154211993,9f9497e5e188071dcd880d93439a6ebe71bfa4698541fcee5657ff703a816b84,NMI_supplementary_materials_2025,24,82,NMI_supplementary_materials_2025.zip.part024,drive_upload_chunks/NMI_supplementary_materials_2025/NMI_supplementary_materials_2025.zip.part024,/Users/mccomb/Library/Caches/Codex/NMI_supplementary_materials_2022_2025/drive_upload_chunks/NMI_supplementary_materials_2025/NMI_supplementary_materials_2025.zip.part024,99614720,2c1286b27a4e00d176e82737e26885a9e67d986294af7af40ce6b6c9b2dcadf1,24
NMI_supplementary_materials_2025.zip,8154211993,9f9497e5e188071dcd880d93439a6ebe71bfa4698541fcee5657ff703a816b84,NMI_supplementary_materials_2025,25,82,NMI_supplementary_materials_2025.zip.part025,drive_upload_chunks/NMI_supplementary_materials_2025/NMI_supplementary_materials_2025.zip.part025,/Users/mccomb/Library/Caches/Codex/NMI_supplementary_materials_2022_2025/drive_upload_chunks/NMI_supplementary_materials_2025/NMI_supplementary_materials_2025.zip.part025,99614720,b562900a77629c7ea0d890e4de9401be142c1ca18bef7cbec34dfc95fea39a7b,25
NMI_supplementary_materials_2025.zip,8154211993,9f9497e5e188071dcd880d93439a6ebe71bfa4698541fcee5657ff703a816b84,NMI_supplementary_materials_2025,26,82,NMI_supplementary_materials_2025.zip.part026,drive_upload_chunks/NMI_supplementary_materials_2025/NMI_supplementary_materials_2025.zip.part026,/Users/mccomb/Library/Caches/Codex/NMI_supplementary_materials_2022_2025/drive_upload_chunks/NMI_supplementary_materials_2025/NMI_supplementary_materials_2025.zip.part026,99614720,620aa8ce3079fda6357e749d08eab602cd54694466ad0e80eb4adc1f5fab73b4,26
NMI_supplementary_materials_2025.zip,8154211993,9f9497e5e188071dcd880d93439a6ebe71bfa4698541fcee5657ff703a816b84,NMI_supplementary_materials_2025,27,82,NMI_supplementary_materials_2025.zip.part027,drive_upload_chunks/NMI_supplementary_materials_2025/NMI_supplementary_materials_2025.zip.part027,/Users/mccomb/Library/Caches/Codex/NMI_supplementary_materials_2022_2025/drive_upload_chunks/NMI_supplementary_materials_2025/NMI_supplementary_materials_2025.zip.part027,99614720,39cb7a9ed62e4abd44460628f3d59e816d2b66fc8b88555dccdea5a373a342e6,27
NMI_supplementary_materials_2025.zip,8154211993,9f9497e5e188071dcd880d93439a6ebe71bfa4698541fcee5657ff703a816b84,NMI_supplementary_materials_2025,28,82,NMI_supplementary_materials_2025.zip.part028,drive_upload_chunks/NMI_supplementary_materials_2025/NMI_supplementary_materials_2025.zip.part028,/Users/mccomb/Library/Caches/Codex/NMI_supplementary_materials_2022_2025/drive_upload_chunks/NMI_supplementary_materials_2025/NMI_supplementary_materials_2025.zip.part028,99614720,8604ca77d2b074c71a7c729cd0a6fcd335896c8210793c78cf4f4e8fe311649e,28
NMI_supplementary_materials_2025.zip,8154211993,9f9497e5e188071dcd880d93439a6ebe71bfa4698541fcee5657ff703a816b84,NMI_supplementary_materials_2025,29,82,NMI_supplementary_materials_2025.zip.part029,drive_upload_chunks/NMI_supplementary_materials_2025/NMI_supplementary_materials_2025.zip.part029,/Users/mccomb/Library/Caches/Codex/NMI_supplementary_materials_2022_2025/drive_upload_chunks/NMI_supplementary_materials_2025/NMI_supplementary_materials_2025.zip.part029,99614720,5ca1f5b744375acd0aee3627cdc0f34c18a696f560c5e35d72972004c9b4a58e,29
NMI_supplementary_materials_2025.zip,8154211993,9f9497e5e188071dcd880d93439a6ebe71bfa4698541fcee5657ff703a816b84,NMI_supplementary_materials_2025,30,82,NMI_supplementary_materials_2025.zip.part030,drive_upload_chunks/NMI_supplementary_materials_2025/NMI_supplementary_materials_2025.zip.part030,/Users/mccomb/Library/Caches/Codex/NMI_supplementary_materials_2022_2025/drive_upload_chunks/NMI_supplementary_materials_2025/NMI_supplementary_materials_2025.zip.part030,99614720,3dd0be4cd0e4b7cba12d8953768d0a3129d6c9becb4e8518645707bd57aa7007,30
NMI_supplementary_materials_2025.zip,8154211993,9f9497e5e188071dcd880d93439a6ebe71bfa4698541fcee5657ff703a816b84,NMI_supplementary_materials_2025,31,82,NMI_supplementary_materials_2025.zip.part031,drive_upload_chunks/NMI_supplementary_materials_2025/NMI_supplementary_materials_2025.zip.part031,/Users/mccomb/Library/Caches/Codex/NMI_supplementary_materials_2022_2025/drive_upload_chunks/NMI_supplementary_materials_2025/NMI_supplementary_materials_2025.zip.part031,99614720,ab94a9597235ae8fd6a9c094a0c9c4051e3a29847131addfcd1a34d7fcb21e04,31
NMI_supplementary_materials_2025.zip,8154211993,9f9497e5e188071dcd880d93439a6ebe71bfa4698541fcee5657ff703a816b84,NMI_supplementary_materials_2025,32,82,NMI_supplementary_materials_2025.zip.part032,drive_upload_chunks/NMI_supplementary_materials_2025/NMI_supplementary_materials_2025.zip.part032,/Users/mccomb/Library/Caches/Codex/NMI_supplementary_materials_2022_2025/drive_upload_chunks/NMI_supplementary_materials_2025/NMI_supplementary_materials_2025.zip.part032,99614720,2d781f01d3831a353d399aa8cdba5ad1410d5a8e35fc2efa56597f363b0db45c,32
NMI_supplementary_materials_2025.zip,8154211993,9f9497e5e188071dcd880d93439a6ebe71bfa4698541fcee5657ff703a816b84,NMI_supplementary_materials_2025,33,82,NMI_supplementary_materials_2025.zip.part033,drive_upload_chunks/NMI_supplementary_materials_2025/NMI_supplementary_materials_2025.zip.part033,/Users/mccomb/Library/Caches/Codex/NMI_supplementary_materials_2022_2025/drive_upload_chunks/NMI_supplementary_materials_2025/NMI_supplementary_materials_2025.zip.part033,99614720,ca9555e9156bf36f1d312956d29832276842820dc6acc13fee03f99a82ba1067,33
NMI_supplementary_materials_2025.zip,8154211993,9f9497e5e188071dcd880d93439a6ebe71bfa4698541fcee5657ff703a816b84,NMI_supplementary_materials_2025,34,82,NMI_supplementary_materials_2025.zip.part034,drive_upload_chunks/NMI_supplementary_materials_2025/NMI_supplementary_materials_2025.zip.part034,/Users/mccomb/Library/Caches/Codex/NMI_supplementary_materials_2022_2025/drive_upload_chunks/NMI_supplementary_materials_2025/NMI_supplementary_materials_2025.zip.part034,99614720,843b63e5af59a9d6004c8eaf802bec063790e2163785c0c3d25ad204f6f33d88,34
NMI_supplementary_materials_2025.zip,8154211993,9f9497e5e188071dcd880d93439a6ebe71bfa4698541fcee5657ff703a816b84,NMI_supplementary_materials_2025,35,82,NMI_supplementary_materials_2025.zip.part035,drive_upload_chunks/NMI_supplementary_materials_2025/NMI_supplementary_materials_2025.zip.part035,/Users/mccomb/Library/Caches/Codex/NMI_supplementary_materials_2022_2025/drive_upload_chunks/NMI_supplementary_materials_2025/NMI_supplementary_materials_2025.zip.part035,99614720,72b19ffcfd8bd3ca50a87191e905b949a11501cab89c581f5c782d9f17262a5d,35
NMI_supplementary_materials_2025.zip,8154211993,9f9497e5e188071dcd880d93439a6ebe71bfa4698541fcee5657ff703a816b84,NMI_supplementary_materials_2025,36,82,NMI_supplementary_materials_2025.zip.part036,drive_upload_chunks/NMI_supplementary_materials_2025/NMI_supplementary_materials_2025.zip.part036,/Users/mccomb/Library/Caches/Codex/NMI_supplementary_materials_2022_2025/drive_upload_chunks/NMI_supplementary_materials_2025/NMI_supplementary_materials_2025.zip.part036,99614720,9fcd35dfc275e881f2522267478d37eb257b9410bef0995c385eda5de87d9886,36
NMI_supplementary_materials_2025.zip,8154211993,9f9497e5e188071dcd880d93439a6ebe71bfa4698541fcee5657ff703a816b84,NMI_supplementary_materials_2025,37,82,NMI_supplementary_materials_2025.zip.part037,drive_upload_chunks/NMI_supplementary_materials_2025/NMI_supplementary_materials_2025.zip.part037,/Users/mccomb/Library/Caches/Codex/NMI_supplementary_materials_2022_2025/drive_upload_chunks/NMI_supplementary_materials_2025/NMI_supplementary_materials_2025.zip.part037,99614720,2c4e0e27b8ae8882d4a43bdfbb4b00d63887a91499be52cf54455b66822702f5,37
NMI_supplementary_materials_2025.zip,8154211993,9f9497e5e188071dcd880d93439a6ebe71bfa4698541fcee5657ff703a816b84,NMI_supplementary_materials_2025,38,82,NMI_supplementary_materials_2025.zip.part038,drive_upload_chunks/NMI_supplementary_materials_2025/NMI_supplementary_materials_2025.zip.part038,/Users/mccomb/Library/Caches/Codex/NMI_supplementary_materials_2022_2025/drive_upload_chunks/NMI_supplementary_materials_2025/NMI_supplementary_materials_2025.zip.part038,99614720,27527e6d12a9747c5d5a5aa08039f5ca9d09133b1737157d692c5831b7abcee9,38
NMI_supplementary_materials_2025.zip,8154211993,9f9497e5e188071dcd880d93439a6ebe71bfa4698541fcee5657ff703a816b84,NMI_supplementary_materials_2025,39,82,NMI_supplementary_materials_2025.zip.part039,drive_upload_chunks/NMI_supplementary_materials_2025/NMI_supplementary_materials_2025.zip.part039,/Users/mccomb/Library/Caches/Codex/NMI_supplementary_materials_2022_2025/drive_upload_chunks/NMI_supplementary_materials_2025/NMI_supplementary_materials_2025.zip.part039,99614720,1a14dddfe9826eb46ecc9fd3266e6c1ffe408ed4243cc7d5a4e71bbe2cdb938b,39
NMI_supplementary_materials_2025.zip,8154211993,9f9497e5e188071dcd880d93439a6ebe71bfa4698541fcee5657ff703a816b84,NMI_supplementary_materials_2025,40,82,NMI_supplementary_materials_2025.zip.part040,drive_upload_chunks/NMI_supplementary_materials_2025/NMI_supplementary_materials_2025.zip.part040,/Users/mccomb/Library/Caches/Codex/NMI_supplementary_materials_2022_2025/drive_upload_chunks/NMI_supplementary_materials_2025/NMI_supplementary_materials_2025.zip.part040,99614720,27b26788fc33e04028eeacc3857cf15626a355610074d02f5a60b5898a326934,40
NMI_supplementary_materials_2025.zip,8154211993,9f9497e5e188071dcd880d93439a6ebe71bfa4698541fcee5657ff703a816b84,NMI_supplementary_materials_2025,41,82,NMI_supplementary_materials_2025.zip.part041,drive_upload_chunks/NMI_supplementary_materials_2025/NMI_supplementary_materials_2025.zip.part041,/Users/mccomb/Library/Caches/Codex/NMI_supplementary_materials_2022_2025/drive_upload_chunks/NMI_supplementary_materials_2025/NMI_supplementary_materials_2025.zip.part041,99614720,b4dfc34551c98d0a9b36e287d3fa9111a94dfb30c21b00f359cddcc42a9551d0,41
NMI_supplementary_materials_2025.zip,8154211993,9f9497e5e188071dcd880d93439a6ebe71bfa4698541fcee5657ff703a816b84,NMI_supplementary_materials_2025,42,82,NMI_supplementary_materials_2025.zip.part042,drive_upload_chunks/NMI_supplementary_materials_2025/NMI_supplementary_materials_2025.zip.part042,/Users/mccomb/Library/Caches/Codex/NMI_supplementary_materials_2022_2025/drive_upload_chunks/NMI_supplementary_materials_2025/NMI_supplementary_materials_2025.zip.part042,99614720,af7ab167655e74a36944c9789b427768b3270997ab12fb175c2d2ba4b61f8db2,42
NMI_supplementary_materials_2025.zip,8154211993,9f9497e5e188071dcd880d93439a6ebe71bfa4698541fcee5657ff703a816b84,NMI_supplementary_materials_2025,43,82,NMI_supplementary_materials_2025.zip.part043,drive_upload_chunks/NMI_supplementary_materials_2025/NMI_supplementary_materials_2025.zip.part043,/Users/mccomb/Library/Caches/Codex/NMI_supplementary_materials_2022_2025/drive_upload_chunks/NMI_supplementary_materials_2025/NMI_supplementary_materials_2025.zip.part043,99614720,50553e64048bee7d5d504e96cf8c462ec593889215a344ef8050ba2a8299df67,43
NMI_supplementary_materials_2025.zip,8154211993,9f9497e5e188071dcd880d93439a6ebe71bfa4698541fcee5657ff703a816b84,NMI_supplementary_materials_2025,44,82,NMI_supplementary_materials_2025.zip.part044,drive_upload_chunks/NMI_supplementary_materials_2025/NMI_supplementary_materials_2025.zip.part044,/Users/mccomb/Library/Caches/Codex/NMI_supplementary_materials_2022_2025/drive_upload_chunks/NMI_supplementary_materials_2025/NMI_supplementary_materials_2025.zip.part044,99614720,b4e8ccc2d00712926fee7b460499f732c82cd34163499ba605f17bc60e137c29,44
NMI_supplementary_materials_2025.zip,8154211993,9f9497e5e188071dcd880d93439a6ebe71bfa4698541fcee5657ff703a816b84,NMI_supplementary_materials_2025,45,82,NMI_supplementary_materials_2025.zip.part045,drive_upload_chunks/NMI_supplementary_materials_2025/NMI_supplementary_materials_2025.zip.part045,/Users/mccomb/Library/Caches/Codex/NMI_supplementary_materials_2022_2025/drive_upload_chunks/NMI_supplementary_materials_2025/NMI_supplementary_materials_2025.zip.part045,99614720,c0f4f4396906d3155e3579f30139d096128b78758ffd5f73b2e66a481233d847,45
NMI_supplementary_materials_2025.zip,8154211993,9f9497e5e188071dcd880d93439a6ebe71bfa4698541fcee5657ff703a816b84,NMI_supplementary_materials_2025,46,82,NMI_supplementary_materials_2025.zip.part046,drive_upload_chunks/NMI_supplementary_materials_2025/NMI_supplementary_materials_2025.zip.part046,/Users/mccomb/Library/Caches/Codex/NMI_supplementary_materials_2022_2025/drive_upload_chunks/NMI_supplementary_materials_2025/NMI_supplementary_materials_2025.zip.part046,99614720,9294b84c7330c4aca61b4119031db39e9c636a42044c44bc3f7c222ff8554195,46
NMI_supplementary_materials_2025.zip,8154211993,9f9497e5e188071dcd880d93439a6ebe71bfa4698541fcee5657ff703a816b84,NMI_supplementary_materials_2025,47,82,NMI_supplementary_materials_2025.zip.part047,drive_upload_chunks/NMI_supplementary_materials_2025/NMI_supplementary_materials_2025.zip.part047,/Users/mccomb/Library/Caches/Codex/NMI_supplementary_materials_2022_2025/drive_upload_chunks/NMI_supplementary_materials_2025/NMI_supplementary_materials_2025.zip.part047,99614720,3981f8ecedc5a875c1cac025ef5f07e06a1cfee23ec29a60f670987fbb1dfa18,47
NMI_supplementary_materials_2025.zip,8154211993,9f9497e5e188071dcd880d93439a6ebe71bfa4698541fcee5657ff703a816b84,NMI_supplementary_materials_2025,48,82,NMI_supplementary_materials_2025.zip.part048,drive_upload_chunks/NMI_supplementary_materials_2025/NMI_supplementary_materials_2025.zip.part048,/Users/mccomb/Library/Caches/Codex/NMI_supplementary_materials_2022_2025/drive_upload_chunks/NMI_supplementary_materials_2025/NMI_supplementary_materials_2025.zip.part048,99614720,a977f5655db512bf042541e679cd9659f1069fa90bd2907a826aa94f39afe7db,48
NMI_supplementary_materials_2025.zip,8154211993,9f9497e5e188071dcd880d93439a6ebe71bfa4698541fcee5657ff703a816b84,NMI_supplementary_materials_2025,49,82,NMI_supplementary_materials_2025.zip.part049,drive_upload_chunks/NMI_supplementary_materials_2025/NMI_supplementary_materials_2025.zip.part049,/Users/mccomb/Library/Caches/Codex/NMI_supplementary_materials_2022_2025/drive_upload_chunks/NMI_supplementary_materials_2025/NMI_supplementary_materials_2025.zip.part049,99614720,23cdd005c8734cb33068a45c9d3195dbec0a6e79cf79d5ded7b3f86ffca71a73,49
NMI_supplementary_materials_2025.zip,8154211993,9f9497e5e188071dcd880d93439a6ebe71bfa4698541fcee5657ff703a816b84,NMI_supplementary_materials_2025,50,82,NMI_supplementary_materials_2025.zip.part050,drive_upload_chunks/NMI_supplementary_materials_2025/NMI_supplementary_materials_2025.zip.part050,/Users/mccomb/Library/Caches/Codex/NMI_supplementary_materials_2022_2025/drive_upload_chunks/NMI_supplementary_materials_2025/NMI_supplementary_materials_2025.zip.part050,99614720,f494bd5a7b3a072f200a9d2e7993255c78deb4a731aab845a1e38cde6a9a502f,50
NMI_supplementary_materials_2025.zip,8154211993,9f9497e5e188071dcd880d93439a6ebe71bfa4698541fcee5657ff703a816b84,NMI_supplementary_materials_2025,51,82,NMI_supplementary_materials_2025.zip.part051,drive_upload_chunks/NMI_supplementary_materials_2025/NMI_supplementary_materials_2025.zip.part051,/Users/mccomb/Library/Caches/Codex/NMI_supplementary_materials_2022_2025/drive_upload_chunks/NMI_supplementary_materials_2025/NMI_supplementary_materials_2025.zip.part051,99614720,1e3e1d1461b9434e3184786857cf70c694b914a9346d373a2bba115fe17d1a5c,51
NMI_supplementary_materials_2025.zip,8154211993,9f9497e5e188071dcd880d93439a6ebe71bfa4698541fcee5657ff703a816b84,NMI_supplementary_materials_2025,52,82,NMI_supplementary_materials_2025.zip.part052,drive_upload_chunks/NMI_supplementary_materials_2025/NMI_supplementary_materials_2025.zip.part052,/Users/mccomb/Library/Caches/Codex/NMI_supplementary_materials_2022_2025/drive_upload_chunks/NMI_supplementary_materials_2025/NMI_supplementary_materials_2025.zip.part052,99614720,9400a8901456110d0b51a71f5e27efee849f9d37549b01d126be37c16a2c4b0a,52
NMI_supplementary_materials_2025.zip,8154211993,9f9497e5e188071dcd880d93439a6ebe71bfa4698541fcee5657ff703a816b84,NMI_supplementary_materials_2025,53,82,NMI_supplementary_materials_2025.zip.part053,drive_upload_chunks/NMI_supplementary_materials_2025/NMI_supplementary_materials_2025.zip.part053,/Users/mccomb/Library/Caches/Codex/NMI_supplementary_materials_2022_2025/drive_upload_chunks/NMI_supplementary_materials_2025/NMI_supplementary_materials_2025.zip.part053,99614720,ed83a875c6e675c800078e92fb9dbc87d20aaa927ffafd2756d0d4ac3c6d6d35,53
NMI_supplementary_materials_2025.zip,8154211993,9f9497e5e188071dcd880d93439a6ebe71bfa4698541fcee5657ff703a816b84,NMI_supplementary_materials_2025,54,82,NMI_supplementary_materials_2025.zip.part054,drive_upload_chunks/NMI_supplementary_materials_2025/NMI_supplementary_materials_2025.zip.part054,/Users/mccomb/Library/Caches/Codex/NMI_supplementary_materials_2022_2025/drive_upload_chunks/NMI_supplementary_materials_2025/NMI_supplementary_materials_2025.zip.part054,99614720,814eb968ae579843d22def061bdc280f85254afb901ab04f4fdb3c07501e0a38,54
NMI_supplementary_materials_2025.zip,8154211993,9f9497e5e188071dcd880d93439a6ebe71bfa4698541fcee5657ff703a816b84,NMI_supplementary_materials_2025,55,82,NMI_supplementary_materials_2025.zip.part055,drive_upload_chunks/NMI_supplementary_materials_2025/NMI_supplementary_materials_2025.zip.part055,/Users/mccomb/Library/Caches/Codex/NMI_supplementary_materials_2022_2025/drive_upload_chunks/NMI_supplementary_materials_2025/NMI_supplementary_materials_2025.zip.part055,99614720,ec8b8f07f4f188fcbcf1eb956f3219c98a391219db63528e53251d28a175b211,55
NMI_supplementary_materials_2025.zip,8154211993,9f9497e5e188071dcd880d93439a6ebe71bfa4698541fcee5657ff703a816b84,NMI_supplementary_materials_2025,56,82,NMI_supplementary_materials_2025.zip.part056,drive_upload_chunks/NMI_supplementary_materials_2025/NMI_supplementary_materials_2025.zip.part056,/Users/mccomb/Library/Caches/Codex/NMI_supplementary_materials_2022_2025/drive_upload_chunks/NMI_supplementary_materials_2025/NMI_supplementary_materials_2025.zip.part056,99614720,f575466b6e4a0feb5be3a6689ccc5964ab413e5161c24361d8a117cdf3c4243e,56
NMI_supplementary_materials_2025.zip,8154211993,9f9497e5e188071dcd880d93439a6ebe71bfa4698541fcee5657ff703a816b84,NMI_supplementary_materials_2025,57,82,NMI_supplementary_materials_2025.zip.part057,drive_upload_chunks/NMI_supplementary_materials_2025/NMI_supplementary_materials_2025.zip.part057,/Users/mccomb/Library/Caches/Codex/NMI_supplementary_materials_2022_2025/drive_upload_chunks/NMI_supplementary_materials_2025/NMI_supplementary_materials_2025.zip.part057,99614720,6a0509394fcf6603e6145e5aac3f27bd28d2340207b5852a736ee3aa45d4696f,57
NMI_supplementary_materials_2025.zip,8154211993,9f9497e5e188071dcd880d93439a6ebe71bfa4698541fcee5657ff703a816b84,NMI_supplementary_materials_2025,58,82,NMI_supplementary_materials_2025.zip.part058,drive_upload_chunks/NMI_supplementary_materials_2025/NMI_supplementary_materials_2025.zip.part058,/Users/mccomb/Library/Caches/Codex/NMI_supplementary_materials_2022_2025/drive_upload_chunks/NMI_supplementary_materials_2025/NMI_supplementary_materials_2025.zip.part058,99614720,8dd5973808049c8780697b2afa67b766cb63a0a2428d0b267d1b6f23ddaf142f,58
NMI_supplementary_materials_2025.zip,8154211993,9f9497e5e188071dcd880d93439a6ebe71bfa4698541fcee5657ff703a816b84,NMI_supplementary_materials_2025,59,82,NMI_supplementary_materials_2025.zip.part059,drive_upload_chunks/NMI_supplementary_materials_2025/NMI_supplementary_materials_2025.zip.part059,/Users/mccomb/Library/Caches/Codex/NMI_supplementary_materials_2022_2025/drive_upload_chunks/NMI_supplementary_materials_2025/NMI_supplementary_materials_2025.zip.part059,99614720,79f28f4cb61003cb280c95073057f4fe6ae801ec29f8ac6bc4b9f81613f5658b,59
NMI_supplementary_materials_2025.zip,8154211993,9f9497e5e188071dcd880d93439a6ebe71bfa4698541fcee5657ff703a816b84,NMI_supplementary_materials_2025,60,82,NMI_supplementary_materials_2025.zip.part060,drive_upload_chunks/NMI_supplementary_materials_2025/NMI_supplementary_materials_2025.zip.part060,/Users/mccomb/Library/Caches/Codex/NMI_supplementary_materials_2022_2025/drive_upload_chunks/NMI_supplementary_materials_2025/NMI_supplementary_materials_2025.zip.part060,99614720,3c1ef6c0ebf7338833df9dc72007aa81a062136068708bb6d3d71316ddbd74c8,60
NMI_supplementary_materials_2025.zip,8154211993,9f9497e5e188071dcd880d93439a6ebe71bfa4698541fcee5657ff703a816b84,NMI_supplementary_materials_2025,61,82,NMI_supplementary_materials_2025.zip.part061,drive_upload_chunks/NMI_supplementary_materials_2025/NMI_supplementary_materials_2025.zip.part061,/Users/mccomb/Library/Caches/Codex/NMI_supplementary_materials_2022_2025/drive_upload_chunks/NMI_supplementary_materials_2025/NMI_supplementary_materials_2025.zip.part061,99614720,fe0cd0d3eaac404d0170f52d89c1f0b7c067bd7d92a2ca5fc74bed4ca2905df1,61
NMI_supplementary_materials_2025.zip,8154211993,9f9497e5e188071dcd880d93439a6ebe71bfa4698541fcee5657ff703a816b84,NMI_supplementary_materials_2025,62,82,NMI_supplementary_materials_2025.zip.part062,drive_upload_chunks/NMI_supplementary_materials_2025/NMI_supplementary_materials_2025.zip.part062,/Users/mccomb/Library/Caches/Codex/NMI_supplementary_materials_2022_2025/drive_upload_chunks/NMI_supplementary_materials_2025/NMI_supplementary_materials_2025.zip.part062,99614720,5d81e538b06d3762522c94f4c4c5d3f4bdcdd520db459a032042bffb39ce5cc2,62
NMI_supplementary_materials_2025.zip,8154211993,9f9497e5e188071dcd880d93439a6ebe71bfa4698541fcee5657ff703a816b84,NMI_supplementary_materials_2025,63,82,NMI_supplementary_materials_2025.zip.part063,drive_upload_chunks/NMI_supplementary_materials_2025/NMI_supplementary_materials_2025.zip.part063,/Users/mccomb/Library/Caches/Codex/NMI_supplementary_materials_2022_2025/drive_upload_chunks/NMI_supplementary_materials_2025/NMI_supplementary_materials_2025.zip.part063,99614720,6a9846fc85bd4e605aeed7f5982a703a707ef5a1ad22d6625d380c091647e5b2,63
NMI_supplementary_materials_2025.zip,8154211993,9f9497e5e188071dcd880d93439a6ebe71bfa4698541fcee5657ff703a816b84,NMI_supplementary_materials_2025,64,82,NMI_supplementary_materials_2025.zip.part064,drive_upload_chunks/NMI_supplementary_materials_2025/NMI_supplementary_materials_2025.zip.part064,/Users/mccomb/Library/Caches/Codex/NMI_supplementary_materials_2022_2025/drive_upload_chunks/NMI_supplementary_materials_2025/NMI_supplementary_materials_2025.zip.part064,99614720,7a6faf6101f352d69db0ea8034750fb19f7b7d205c94439210d4a16e922d883d,64
NMI_supplementary_materials_2025.zip,8154211993,9f9497e5e188071dcd880d93439a6ebe71bfa4698541fcee5657ff703a816b84,NMI_supplementary_materials_2025,65,82,NMI_supplementary_materials_2025.zip.part065,drive_upload_chunks/NMI_supplementary_materials_2025/NMI_supplementary_materials_2025.zip.part065,/Users/mccomb/Library/Caches/Codex/NMI_supplementary_materials_2022_2025/drive_upload_chunks/NMI_supplementary_materials_2025/NMI_supplementary_materials_2025.zip.part065,99614720,bba7d2938ab05432c0f1f92282613b471fb8892656064aca09ed3a4d21360b21,65
NMI_supplementary_materials_2025.zip,8154211993,9f9497e5e188071dcd880d93439a6ebe71bfa4698541fcee5657ff703a816b84,NMI_supplementary_materials_2025,66,82,NMI_supplementary_materials_2025.zip.part066,drive_upload_chunks/NMI_supplementary_materials_2025/NMI_supplementary_materials_2025.zip.part066,/Users/mccomb/Library/Caches/Codex/NMI_supplementary_materials_2022_2025/drive_upload_chunks/NMI_supplementary_materials_2025/NMI_supplementary_materials_2025.zip.part066,99614720,7f4018cd1a8d53697e087bdb34ead063b1661da93b011319e5dd3cc9f980f02b,66
NMI_supplementary_materials_2025.zip,8154211993,9f9497e5e188071dcd880d93439a6ebe71bfa4698541fcee5657ff703a816b84,NMI_supplementary_materials_2025,67,82,NMI_supplementary_materials_2025.zip.part067,drive_upload_chunks/NMI_supplementary_materials_2025/NMI_supplementary_materials_2025.zip.part067,/Users/mccomb/Library/Caches/Codex/NMI_supplementary_materials_2022_2025/drive_upload_chunks/NMI_supplementary_materials_2025/NMI_supplementary_materials_2025.zip.part067,99614720,73db85dfa281c59a9f4cb53dbb5fa6c4a186aa6fb5e3e6e10c8a34e2a7cbdf06,67
NMI_supplementary_materials_2025.zip,8154211993,9f9497e5e188071dcd880d93439a6ebe71bfa4698541fcee5657ff703a816b84,NMI_supplementary_materials_2025,68,82,NMI_supplementary_materials_2025.zip.part068,drive_upload_chunks/NMI_supplementary_materials_2025/NMI_supplementary_materials_2025.zip.part068,/Users/mccomb/Library/Caches/Codex/NMI_supplementary_materials_2022_2025/drive_upload_chunks/NMI_supplementary_materials_2025/NMI_supplementary_materials_2025.zip.part068,99614720,a1ced0221e1215d0ef9982c50c205df9e7e1d76890a7acb6e932ea84ee357fb6,68
NMI_supplementary_materials_2025.zip,8154211993,9f9497e5e188071dcd880d93439a6ebe71bfa4698541fcee5657ff703a816b84,NMI_supplementary_materials_2025,69,82,NMI_supplementary_materials_2025.zip.part069,drive_upload_chunks/NMI_supplementary_materials_2025/NMI_supplementary_materials_2025.zip.part069,/Users/mccomb/Library/Caches/Codex/NMI_supplementary_materials_2022_2025/drive_upload_chunks/NMI_supplementary_materials_2025/NMI_supplementary_materials_2025.zip.part069,99614720,38f9ec839b7328090a981d5e1f6823a9f503c54058df6fbb8efad0985e20fb2f,69
NMI_supplementary_materials_2025.zip,8154211993,9f9497e5e188071dcd880d93439a6ebe71bfa4698541fcee5657ff703a816b84,NMI_supplementary_materials_2025,70,82,NMI_supplementary_materials_2025.zip.part070,drive_upload_chunks/NMI_supplementary_materials_2025/NMI_supplementary_materials_2025.zip.part070,/Users/mccomb/Library/Caches/Codex/NMI_supplementary_materials_2022_2025/drive_upload_chunks/NMI_supplementary_materials_2025/NMI_supplementary_materials_2025.zip.part070,99614720,9b01dfe7890f455108ae073023ecebecebc8f705300e4c2af7be5240eca9bbe0,70
NMI_supplementary_materials_2025.zip,8154211993,9f9497e5e188071dcd880d93439a6ebe71bfa4698541fcee5657ff703a816b84,NMI_supplementary_materials_2025,71,82,NMI_supplementary_materials_2025.zip.part071,drive_upload_chunks/NMI_supplementary_materials_2025/NMI_supplementary_materials_2025.zip.part071,/Users/mccomb/Library/Caches/Codex/NMI_supplementary_materials_2022_2025/drive_upload_chunks/NMI_supplementary_materials_2025/NMI_supplementary_materials_2025.zip.part071,99614720,24cb64054c5c20c26575d4b663bb5f3141435cace29242257456261697414659,71
NMI_supplementary_materials_2025.zip,8154211993,9f9497e5e188071dcd880d93439a6ebe71bfa4698541fcee5657ff703a816b84,NMI_supplementary_materials_2025,72,82,NMI_supplementary_materials_2025.zip.part072,drive_upload_chunks/NMI_supplementary_materials_2025/NMI_supplementary_materials_2025.zip.part072,/Users/mccomb/Library/Caches/Codex/NMI_supplementary_materials_2022_2025/drive_upload_chunks/NMI_supplementary_materials_2025/NMI_supplementary_materials_2025.zip.part072,99614720,045b357ed9a04d4cedbea2db6e20f50b5d59860d38afde59591f735d162d03d1,72
NMI_supplementary_materials_2025.zip,8154211993,9f9497e5e188071dcd880d93439a6ebe71bfa4698541fcee5657ff703a816b84,NMI_supplementary_materials_2025,73,82,NMI_supplementary_materials_2025.zip.part073,drive_upload_chunks/NMI_supplementary_materials_2025/NMI_supplementary_materials_2025.zip.part073,/Users/mccomb/Library/Caches/Codex/NMI_supplementary_materials_2022_2025/drive_upload_chunks/NMI_supplementary_materials_2025/NMI_supplementary_materials_2025.zip.part073,99614720,8979c47323a73a1c49cc8f4ba69517643a4e31040adfc8162e6beec49693d559,73
NMI_supplementary_materials_2025.zip,8154211993,9f9497e5e188071dcd880d93439a6ebe71bfa4698541fcee5657ff703a816b84,NMI_supplementary_materials_2025,74,82,NMI_supplementary_materials_2025.zip.part074,drive_upload_chunks/NMI_supplementary_materials_2025/NMI_supplementary_materials_2025.zip.part074,/Users/mccomb/Library/Caches/Codex/NMI_supplementary_materials_2022_2025/drive_upload_chunks/NMI_supplementary_materials_2025/NMI_supplementary_materials_2025.zip.part074,99614720,f14d93c834a449b16f888d306149bb566a73803263cbb18f8faa41e14a08de92,74
NMI_supplementary_materials_2025.zip,8154211993,9f9497e5e188071dcd880d93439a6ebe71bfa4698541fcee5657ff703a816b84,NMI_supplementary_materials_2025,75,82,NMI_supplementary_materials_2025.zip.part075,drive_upload_chunks/NMI_supplementary_materials_2025/NMI_supplementary_materials_2025.zip.part075,/Users/mccomb/Library/Caches/Codex/NMI_supplementary_materials_2022_2025/drive_upload_chunks/NMI_supplementary_materials_2025/NMI_supplementary_materials_2025.zip.part075,99614720,54804ba8ecc1e1cd61d2edde30468c8ca799e12ea1ba0f8361c8982069a7260b,75
NMI_supplementary_materials_2025.zip,8154211993,9f9497e5e188071dcd880d93439a6ebe71bfa4698541fcee5657ff703a816b84,NMI_supplementary_materials_2025,76,82,NMI_supplementary_materials_2025.zip.part076,drive_upload_chunks/NMI_supplementary_materials_2025/NMI_supplementary_materials_2025.zip.part076,/Users/mccomb/Library/Caches/Codex/NMI_supplementary_materials_2022_2025/drive_upload_chunks/NMI_supplementary_materials_2025/NMI_supplementary_materials_2025.zip.part076,99614720,dbd487be4ccd4e46c1ef2bd481031197fce7cd47784b86514e0bf87ccd5ca3c1,76
NMI_supplementary_materials_2025.zip,8154211993,9f9497e5e188071dcd880d93439a6ebe71bfa4698541fcee5657ff703a816b84,NMI_supplementary_materials_2025,77,82,NMI_supplementary_materials_2025.zip.part077,drive_upload_chunks/NMI_supplementary_materials_2025/NMI_supplementary_materials_2025.zip.part077,/Users/mccomb/Library/Caches/Codex/NMI_supplementary_materials_2022_2025/drive_upload_chunks/NMI_supplementary_materials_2025/NMI_supplementary_materials_2025.zip.part077,99614720,89b809e475960d47382c2e8827c8f95c7a27da5c7d74d98d992eee64143f8da8,77
NMI_supplementary_materials_2025.zip,8154211993,9f9497e5e188071dcd880d93439a6ebe71bfa4698541fcee5657ff703a816b84,NMI_supplementary_materials_2025,78,82,NMI_supplementary_materials_2025.zip.part078,drive_upload_chunks/NMI_supplementary_materials_2025/NMI_supplementary_materials_2025.zip.part078,/Users/mccomb/Library/Caches/Codex/NMI_supplementary_materials_2022_2025/drive_upload_chunks/NMI_supplementary_materials_2025/NMI_supplementary_materials_2025.zip.part078,99614720,a266480c4cf9705ed7b0398dd9e37976851880302da7bfdc70ebe017c8f268cc,78
NMI_supplementary_materials_2025.zip,8154211993,9f9497e5e188071dcd880d93439a6ebe71bfa4698541fcee5657ff703a816b84,NMI_supplementary_materials_2025,79,82,NMI_supplementary_materials_2025.zip.part079,drive_upload_chunks/NMI_supplementary_materials_2025/NMI_supplementary_materials_2025.zip.part079,/Users/mccomb/Library/Caches/Codex/NMI_supplementary_materials_2022_2025/drive_upload_chunks/NMI_supplementary_materials_2025/NMI_supplementary_materials_2025.zip.part079,99614720,00a616d54f470d6c6f70139b9756edee554c131286b96d34a68b6094cde447bb,79
NMI_supplementary_materials_2025.zip,8154211993,9f9497e5e188071dcd880d93439a6ebe71bfa4698541fcee5657ff703a816b84,NMI_supplementary_materials_2025,80,82,NMI_supplementary_materials_2025.zip.part080,drive_upload_chunks/NMI_supplementary_materials_2025/NMI_supplementary_materials_2025.zip.part080,/Users/mccomb/Library/Caches/Codex/NMI_supplementary_materials_2022_2025/drive_upload_chunks/NMI_supplementary_materials_2025/NMI_supplementary_materials_2025.zip.part080,99614720,e2df56ac1209be9d52bc57f2f1f198bfd7185a8ab9693114a62b19df03efe58f,80
NMI_supplementary_materials_2025.zip,8154211993,9f9497e5e188071dcd880d93439a6ebe71bfa4698541fcee5657ff703a816b84,NMI_supplementary_materials_2025,81,82,NMI_supplementary_materials_2025.zip.part081,drive_upload_chunks/NMI_supplementary_materials_2025/NMI_supplementary_materials_2025.zip.part081,/Users/mccomb/Library/Caches/Codex/NMI_supplementary_materials_2022_2025/drive_upload_chunks/NMI_supplementary_materials_2025/NMI_supplementary_materials_2025.zip.part081,85419673,72c2b6aedce64b8563c5bc4dd0eacfa342e91a8bcb7b5f0301babd9e107aa373,81
